Number,Name,Image Link,Type,Rarity,Set,Back Image Link,Traits,Intercept,Force,Green Energy,Yellow Energy,Red Energy,Rules Text,Flavor Text,Obtained Via,Description,ChamberFrontI,ChamberFrontF,ChamberFrontG,ChamberFrontY,ChamberFrontR,ChamberFrontRul,ChamberFrontFlav,ChamberBackI,ChamberBackF,ChamberBackG,ChamberBackY,ChamberBackR,ChamberBackRul,ChamberBackFlav
1,Blazing Axe Kick,https://github.com/zolodio/Avatar-TCG-Database/raw/main/1.jpg,strike,common,AME,https://github.com/zolodio/Avatar-TCG-Database/raw/main/cardback.jpg,bull,6,3,2,1,,"When you counterattack against a strike that has 3 Force or less, Blazing Axe Kick gets +3 Force.","""Show me weakness, and your reward shall be pain.""","STRT001, STRT007, STRT010, BSTR001, BSTR002, BSTR003, BSTR004",,,,,,,,,,,,,,,
2,Boiling Point,https://github.com/zolodio/Avatar-TCG-Database/raw/main/2.jpg,strike,common,AME,https://github.com/zolodio/Avatar-TCG-Database/raw/main/cardback.jpg,bull,8,3,2,,1,"When you counterattack against a strike that has 3 Force or less, Boiling Point gets +3 Force.",,"STRT001, STRT007, STRT010, BSTR001, BSTR002, BSTR003, BSTR004",,,,,,,,,,,,,,,
3,Burning Blade,https://github.com/zolodio/Avatar-TCG-Database/raw/main/3.jpg,strike,uncommon,AME,https://github.com/zolodio/Avatar-TCG-Database/raw/main/cardback.jpg,bull,5,3,2,1,,"When you counterattack, your opponent uncharges one of his or her zones.","Zuko's fury is the blade, his heart the scabbard.","STRT001, STRT007, STRT010, BSTR001, BSTR002, BSTR003, BSTR004",,,,,,,,,,,,,,,
4,Burning Disc,https://github.com/zolodio/Avatar-TCG-Database/raw/main/4.jpg,strike,common,AME,https://github.com/zolodio/Avatar-TCG-Database/raw/main/cardback.jpg,bull,5,6,1,1,1,"When you counterattack, your opponent uncharges one of his or her zones.",A fireball flattened by rage--hard to control. but even harder to defend against.,"STRT001, STRT007, STRT010, BSTR001, BSTR002, BSTR003, BSTR004",,,,,,,,,,,,,,,
5,Burning Lash,https://github.com/zolodio/Avatar-TCG-Database/raw/main/5.jpg,strike,uncommon,AME,https://github.com/zolodio/Avatar-TCG-Database/raw/main/cardback.jpg,bull,7,4,1,2,,"-4 Intercept → When you counterattack, your opponent uncharges one of his or her zones.",,"STRT001, STRT007, STRT010, BSTR001, BSTR002, BSTR003, BSTR004",,,,,,,,,,,,,,,
6,Doublefoot Dropkick,https://github.com/zolodio/Avatar-TCG-Database/raw/main/6.jpg,strike,common,AME,https://github.com/zolodio/Avatar-TCG-Database/raw/main/cardback.jpg,bull,5,1,,1,,Yellow → +4 Force. Use only once.,"At 112 years old, King Bumi is stronger than most benders a quarter his age.","STRT001, STRT004, BSTR001, BSTR002, BSTR003, BSTR004",,,,,,,,,,,,,,,
7,Eye of Ozai,https://github.com/zolodio/Avatar-TCG-Database/raw/main/7.jpg,strike,common,AME,https://github.com/zolodio/Avatar-TCG-Database/raw/main/cardback.jpg,bull,4,6,,2,,Eliminate one of your allies → +1 Intercept. Use only once.,,"STRT001, STRT007, STRT010, BSTR001, BSTR002, BSTR003, BSTR004",,,,,,,,,,,,,,,
8,Fetch!,https://github.com/zolodio/Avatar-TCG-Database/raw/main/8.jpg,strike,common,AME,https://github.com/zolodio/Avatar-TCG-Database/raw/main/cardback.jpg,bull,5,4,3,,,"When you counterattack, you may eliminate a green energy.","""It seems I've lost my pet Flopsie. Bring him to me!""","STRT001, STRT004, BSTR001, BSTR002, BSTR003, BSTR004",,,,,,,,,,,,,,,
9,Flare,https://github.com/zolodio/Avatar-TCG-Database/raw/main/9.jpg,strike,common,AME,https://github.com/zolodio/Avatar-TCG-Database/raw/main/cardback.jpg,bull,4,3,,1,,"When you counterattack, you may eliminate a green energy.",A guttering flame is misery to any Firebender.,"STRT001, STRT007, STRT010, BSTR001, BSTR002, BSTR003, BSTR004",,,,,,,,,,,,,,,
10,Flying Fire Fist,https://github.com/zolodio/Avatar-TCG-Database/raw/main/10.jpg,strike,rare,AME,https://github.com/zolodio/Avatar-TCG-Database/raw/main/cardback.jpg,bull,5,7,1,2,1,"When you counterattack, you may eliminate up to two green energy.","As the brushfire swallows the autumn field, so did the Fire Nation move against the other nations.","STRT001, STRT007, STRT010, BSTR001, BSTR002, BSTR003, BSTR004",,,,,,,,,,,,,,,
11,Gout of Flame,https://github.com/zolodio/Avatar-TCG-Database/raw/main/11.jpg,strike,rare,AME,https://github.com/zolodio/Avatar-TCG-Database/raw/main/cardback.jpg,bull,5,3,1,1,,"When you counterattack against a strike that has 3 Force or less, Gout of Flame gets +3 Force.","""The powerless deserve no mercy, only contempt.""","STRT001, STRT007, STRT010, BSTR001, BSTR002, BSTR003, BSTR004",,,,,,,,,,,,,,,
12,Jagged Ground,https://github.com/zolodio/Avatar-TCG-Database/raw/main/12.jpg,strike,rare,AME,https://github.com/zolodio/Avatar-TCG-Database/raw/main/cardback.jpg,bull,2,2,1,,,Red → Choose one: Jagged Ground gets +2 Intercept; or Jagged Ground gets +2 Force.,"When you're fighting an Earthbender, there's no such thing as a ""level playing field.""","STRT001, STRT004, BSTR001, BSTR002, BSTR003, BSTR004",,,,,,,,,,,,,,,
13,Quicksand,https://github.com/zolodio/Avatar-TCG-Database/raw/main/13.jpg,strike,uncommon,AME,https://github.com/zolodio/Avatar-TCG-Database/raw/main/cardback.jpg,bull,3,4,1,,,"Reflip: Green | Whenever your opponent focuses, he or she eliminates one of his or her green energy.","King Bumi has a ""soft spot"" for this particular technique.","STRT001, STRT004, BSTR001, BSTR002, BSTR003, BSTR004",,,,,,,,,,,,,,,
14,Rock the House,https://github.com/zolodio/Avatar-TCG-Database/raw/main/14.jpg,strike,rare,AME,https://github.com/zolodio/Avatar-TCG-Database/raw/main/cardback.jpg,bull,6,3,1,,1,"Whenever your opponent focuses, he or she eliminates one of his or her green energy.","""What do you mean, 'We're safer in here'?!"" --Mu Ki, Fire Nation Soldier","STRT001, STRT004, BSTR001, BSTR002, BSTR003, BSTR004",,,,,,,,,,,,,,,
15,Scorching Phoenix,https://github.com/zolodio/Avatar-TCG-Database/raw/main/15.jpg,strike,rare,AME,https://github.com/zolodio/Avatar-TCG-Database/raw/main/cardback.jpg,bull,6,6,1,1,1,"-4 Intercept → When you counterattack, eliminate all of your opponent's green energy.",,"STRT001, STRT007, STRT010, BSTR001, BSTR002, BSTR003, BSTR004",,,,,,,,,,,,,,,
16,Searing Cage,https://github.com/zolodio/Avatar-TCG-Database/raw/main/16.jpg,strike,uncommon,AME,https://github.com/zolodio/Avatar-TCG-Database/raw/main/cardback.jpg,bull,6,2,1,,1,"When you counterattack, your opponent eliminates one of his or her allies.","No lock to pick, no bars to bend,. nothing but torment without end.","STRT001, STRT007, STRT010, BSTR001, BSTR002, BSTR003, BSTR004",,,,,,,,,,,,,,,
17,Stoke the Flames,https://github.com/zolodio/Avatar-TCG-Database/raw/main/17.jpg,strike,rare,AME,https://github.com/zolodio/Avatar-TCG-Database/raw/main/cardback.jpg,bull,8,4,1,1,1,"Eliminate one of your allies → When you counterattack, eliminate up to two green energy.","""The Avatar must be captured at any cost!""","STRT001, STRT007, STRT010, BSTR001, BSTR002, BSTR003, BSTR004",,,,,,,,,,,,,,,
18,Tectonic Shift,https://github.com/zolodio/Avatar-TCG-Database/raw/main/18.jpg,strike,uncommon,AME,https://github.com/zolodio/Avatar-TCG-Database/raw/main/cardback.jpg,bull,3,6,2,,,"When you counterattack, you may eliminate up to two green energy.","In Omashu, King Bumi's word is law. Even the Earth must obey.","STRT001, STRT004, BSTR001, BSTR002, BSTR003, BSTR004",,,,,,,,,,,,,,,
19,Titanic Fireball,https://github.com/zolodio/Avatar-TCG-Database/raw/main/19.jpg,strike,rare,AME,https://github.com/zolodio/Avatar-TCG-Database/raw/main/cardback.jpg,bull,5,5,2,1,,"Eliminate one of your allies → When you counterattack, your opponent eliminates one of his or her allies. Use only once.",,"STRT001, STRT007, STRT010, BSTR001, BSTR002, BSTR003, BSTR004",,,,,,,,,,,,,,,
20,Wildfire Arc,https://github.com/zolodio/Avatar-TCG-Database/raw/main/20.jpg,strike,rare,AME,https://github.com/zolodio/Avatar-TCG-Database/raw/main/cardback.jpg,bull,7,6,2,1,1,"-4 Intercept → When you counterattack, your opponent eliminates one of his or her allies. Use only once.",,"STRT001, STRT007, STRT010, BSTR001, BSTR002, BSTR003, BSTR004",,,,,,,,,,,,,,,
21,Blast Cushion,https://github.com/zolodio/Avatar-TCG-Database/raw/main/21.jpg,strike,uncommon,AME,https://github.com/zolodio/Avatar-TCG-Database/raw/main/cardback.jpg,fox,8,1,2,,1,"-1 Intercept → When you counterattack, move one of your green energy to your yellow zone.",,"STRT001, STRT002, STRT005, BSTR001, BSTR002, BSTR003, BSTR004",,,,,,,,,,,,,,,
22,Breath of the Dragon,https://github.com/zolodio/Avatar-TCG-Database/raw/main/22.jpg,strike,common,AME,https://github.com/zolodio/Avatar-TCG-Database/raw/main/cardback.jpg,fox,4,6,,2,,"When you counterattack, look at the top two cards of your deck. Put one on the top of your deck and the other into your discard pile.","Once, a King forbade his court from paying the Dragon's tribute. -Dragon's Parable","STRT001, STRT002, STRT005, BSTR001, BSTR002, BSTR003, BSTR004",,,,,,,,,,,,,,,
23,Canyon Sprint,https://github.com/zolodio/Avatar-TCG-Database/raw/main/23.jpg,strike,uncommon,AME,https://github.com/zolodio/Avatar-TCG-Database/raw/main/cardback.jpg,fox,5,5,,2,,"While your opponent is defending, his or her zones cannot be charged.",,"STRT001, STRT002, STRT005, BSTR001, BSTR002, BSTR003, BSTR004",,,,,,,,,,,,,,,
24,Careening Koi,https://github.com/zolodio/Avatar-TCG-Database/raw/main/24.jpg,strike,uncommon,AME,https://github.com/zolodio/Avatar-TCG-Database/raw/main/cardback.jpg,fox,5,4,3,,,"When you counterattack, you may move one of your yellow energy to your red zone.","""He looks pretty good out there."" ""Are you kidding? The fish is doing all the work.""","STRT001, STRT011, BSTR001, BSTR002, BSTR003, BSTR004",,,,,,,,,,,,,,,
25,Frost Blade,https://github.com/zolodio/Avatar-TCG-Database/raw/main/25.jpg,strike,uncommon,AME,https://github.com/zolodio/Avatar-TCG-Database/raw/main/cardback.jpg,fox,3,4,,1,,Reflip: Green | Your opponent's strikes cost an additional yellow energy to play.,Kinto wields a sword that is as cold as his heart.,"STRT001, STRT011, BSTR001, BSTR002, BSTR003, BSTR004",,,,,,,,,,,,,,,
26,Frost Daggers,https://github.com/zolodio/Avatar-TCG-Database/raw/main/26.jpg,strike,common,AME,https://github.com/zolodio/Avatar-TCG-Database/raw/main/cardback.jpg,fox,6,1,,1,1,Your opponent's strikes cost an additional yellow energy to play.,,"STRT001, STRT011, BSTR001, BSTR002, BSTR003, BSTR004",,,,,,,,,,,,,,,
27,Frost Spear,https://github.com/zolodio/Avatar-TCG-Database/raw/main/27.jpg,strike,uncommon,AME,https://github.com/zolodio/Avatar-TCG-Database/raw/main/cardback.jpg,fox,4,5,1,,1,Your opponent's strikes cost an additional yellow energy to play.,,"STRT001, STRT011, BSTR001, BSTR002, BSTR003, BSTR004",,,,,,,,,,,,,,,
28,Gale Force,https://github.com/zolodio/Avatar-TCG-Database/raw/main/28.jpg,strike,rare,AME,https://github.com/zolodio/Avatar-TCG-Database/raw/main/cardback.jpg,fox,3,6,2,,,"When you counterattack, you may move an ally to the top of its owner's deck.",,"STRT001, STRT002, STRT005, BSTR001, BSTR002, BSTR003, BSTR004",,,,,,,,,,,,,,,
29,Howling Cyclone,https://github.com/zolodio/Avatar-TCG-Database/raw/main/29.jpg,strike,rare,AME,https://github.com/zolodio/Avatar-TCG-Database/raw/main/cardback.jpg,fox,8,7,3,,1,"Whenever your opponent focuses, Howling Cyclone gets -2 Force.","The ""stuck out tongue technique"" is Aang's innovation and not part of the traditional form.","STRT001, STRT002, STRT005, BSTR001, BSTR002, BSTR003, BSTR004",,,,,,,,,,,,,,,
30,Howling Squall,https://github.com/zolodio/Avatar-TCG-Database/raw/main/30.jpg,strike,rare,AME,https://github.com/zolodio/Avatar-TCG-Database/raw/main/cardback.jpg,fox,5,7,2,,1,"Whenever your opponent focuses, Howling Squall gets -1 Force.","""It's like a battering ram. You grab all the air in the hall, and then shove!""","STRT001, STRT002, STRT005, BSTR001, BSTR002, BSTR003, BSTR004",,,,,,,,,,,,,,,
31,Howling Wind,https://github.com/zolodio/Avatar-TCG-Database/raw/main/31.jpg,strike,common,AME,https://github.com/zolodio/Avatar-TCG-Database/raw/main/cardback.jpg,fox,5,5,,,1,"Whenever your opponent focuses, Howling Wind gets -1 Force.","Wind formed the face of the world, and air will shape its future.","STRT001, STRT002, STRT005, BSTR001, BSTR002, BSTR003, BSTR004",,,,,,,,,,,,,,,
32,Nimbus Churn,https://github.com/zolodio/Avatar-TCG-Database/raw/main/32.jpg,strike,rare,AME,https://github.com/zolodio/Avatar-TCG-Database/raw/main/cardback.jpg,fox,7,5,1,1,1,"-4 Intercept → When you counterattack, move an ally to the top of its owner's deck.","""Monk Gyatso used to call this 'Stirring the Sky.'""","STRT001, STRT002, STRT005, BSTR001, BSTR002, BSTR003, BSTR004",,,,,,,,,,,,,,,
33,Rocky Road,https://github.com/zolodio/Avatar-TCG-Database/raw/main/33.jpg,strike,rare,AME,https://github.com/zolodio/Avatar-TCG-Database/raw/main/cardback.jpg,fox,6,5,2,2,,"When you counterattack, you may move an ally to the top of its owner's deck.",,"STRT001, STRT002, STRT005, BSTR001, BSTR002, BSTR003, BSTR004",,,,,,,,,,,,,,,
34,Spinning Tempest,https://github.com/zolodio/Avatar-TCG-Database/raw/main/34.jpg,strike,rare,AME,https://github.com/zolodio/Avatar-TCG-Database/raw/main/cardback.jpg,fox,7,3,1,,1,"-3 Intercept → When you counterattack, move one of your yellow energy to your red zone.","""How nice of you to all stand so close together for me.""","STRT001, STRT002, STRT005, BSTR001, BSTR002, BSTR003, BSTR004",,,,,,,,,,,,,,,
35,Swirling Flames,https://github.com/zolodio/Avatar-TCG-Database/raw/main/35.jpg,strike,common,AME,https://github.com/zolodio/Avatar-TCG-Database/raw/main/cardback.jpg,fox,5,6,2,,1,Red → +2 Intercept. Use only once.,"""Surrender! You're clearly outnumbered."" ""That's true, but you are clearly outmatched.""","STRT001, STRT008, BSTR001, BSTR002, BSTR003, BSTR004",,,,,,,,,,,,,,,
36,Teeth of the Dragon,https://github.com/zolodio/Avatar-TCG-Database/raw/main/36.jpg,strike,common,AME,https://github.com/zolodio/Avatar-TCG-Database/raw/main/cardback.jpg,fox,5,1,2,,,"When you counterattack, look at the top two cards of your deck. Put one on the top of your deck and the other into your discard pile.",Let the Dragon seek my favor!' laughed the foolish King. -Dragon's Parable,"STRT001, STRT008, BSTR001, BSTR002, BSTR003, BSTR004",,,,,,,,,,,,,,,
37,Terra Break,https://github.com/zolodio/Avatar-TCG-Database/raw/main/37.jpg,strike,rare,AME,https://github.com/zolodio/Avatar-TCG-Database/raw/main/cardback.jpg,fox,6,6,1,1,1,"-2 Intercept → While your opponent is defending, his or her zones cannot be charged.",Some travelers refuse to give up their riches peacefully. That's when the road gets a new crater.,"STRT001, STRT002, STRT005, BSTR001, BSTR002, BSTR003, BSTR004",,,,,,,,,,,,,,,
38,Tongue of the Dragon,https://github.com/zolodio/Avatar-TCG-Database/raw/main/38.jpg,strike,common,AME,https://github.com/zolodio/Avatar-TCG-Database/raw/main/cardback.jpg,fox,7,4,1,2,,"When you counterattack, look at the top two cards of your deck. Put one on the top of your deck and the other into your discard pile.","At dawn, the King awoke to burning skies and saw true power. -Dragon's Parable","STRT001, STRT008, BSTR001, BSTR002, BSTR003, BSTR004",,,,,,,,,,,,,,,
39,Water Lasso,https://github.com/zolodio/Avatar-TCG-Database/raw/main/39.jpg,strike,rare,AME,https://github.com/zolodio/Avatar-TCG-Database/raw/main/cardback.jpg,fox,6,4,2,1,,Your opponent cannot play signature moves.,Water Tribe elders teach their young kindness and honor. Kinto was a bad student.,"STRT001, STRT011, BSTR001, BSTR002, BSTR003, BSTR004",,,,,,,,,,,,,,,
40,Wind on the Waves,https://github.com/zolodio/Avatar-TCG-Database/raw/main/40.jpg,strike,common,AME,https://github.com/zolodio/Avatar-TCG-Database/raw/main/cardback.jpg,fox,4,4,2,,,"When you counterattack, you may move one of your green energy to your yellow zone.","""All I've got to do is... figure out what I've got to do. After that, no problem!""","STRT001, STRT002, BSTR001, BSTR002, BSTR003, BSTR004",,,,,,,,,,,,,,,
41,Bitter Batter,https://github.com/zolodio/Avatar-TCG-Database/raw/main/41.jpg,strike,common,AME,https://github.com/zolodio/Avatar-TCG-Database/raw/main/cardback.jpg,lion,4,3,,1,,"When you counterattack from a charged zone, add a green energy.","Gyatso's pastries were often ""bestowed upon"" other monks.","STRT001, STRT009, BSTR001, BSTR002, BSTR003, BSTR004, XPS001",,,,,,,,,,,,,,,
42,Blowback,https://github.com/zolodio/Avatar-TCG-Database/raw/main/42.jpg,strike,rare,AME,https://github.com/zolodio/Avatar-TCG-Database/raw/main/cardback.jpg,lion,5,5,1,2,,Your opponent skips defending in his or her green zone.,"In the War's early years, Malu mastered Airbending skills that helped her survive.","STRT001, STRT006, BSTR001, BSTR002, BSTR003, BSTR004",,,,,,,,,,,,,,,
43,Creeping Crystal,https://github.com/zolodio/Avatar-TCG-Database/raw/main/43.jpg,strike,rare,AME,https://github.com/zolodio/Avatar-TCG-Database/raw/main/cardback.jpg,lion,6,6,1,1,1,"-4 Intercept → When you counterattack, your opponent moves one of his or her allies to one of your empty ally spaces.","""By nightfall your friends will be completely covered. Terrible fate, really.""","STRT001, STRT006, STRT009, BSTR001, BSTR002, BSTR003, BSTR004",,,,,,,,,,,,,,,
44,Dancing Mists,https://github.com/zolodio/Avatar-TCG-Database/raw/main/44.jpg,strike,common,AME,https://github.com/zolodio/Avatar-TCG-Database/raw/main/cardback.jpg,lion,4,6,1,2,,"While this zone is charged, Dancing Mists has +2 Intercept.",,"STRT001, STRT003, BSTR001, BSTR002, BSTR003, BSTR004",,,,,,,,,,,,,,,
45,Double Crest,https://github.com/zolodio/Avatar-TCG-Database/raw/main/45.jpg,strike,common,AME,https://github.com/zolodio/Avatar-TCG-Database/raw/main/cardback.jpg,lion,6,3,2,1,,"For each ally you have, Double Crest has +1 Force.",,"STRT001, STRT003, BSTR001, BSTR002, BSTR003, BSTR004",,,,,,,,,,,,,,,
46,Hurricane Vault,https://github.com/zolodio/Avatar-TCG-Database/raw/main/46.jpg,strike,uncommon,AME,https://github.com/zolodio/Avatar-TCG-Database/raw/main/cardback.jpg,lion,3,5,2,,,Your opponent skips defending in his or her green zone.,"Ten years into the War, Matu stopped hiding and began fighting Fire Nation Soliders.","STRT001, STRT006, BSTR001, BSTR002, BSTR003, BSTR004",,,,,,,,,,,,,,,
47,Just Desserts,https://github.com/zolodio/Avatar-TCG-Database/raw/main/47.jpg,strike,common,AME,https://github.com/zolodio/Avatar-TCG-Database/raw/main/cardback.jpg,lion,7,1,,2,,"When you counterattack from a charged zone, add a green energy.","""The secret is in the gooey center.""","STRT001, STRT009, BSTR001, BSTR002, BSTR003, BSTR004",,,,,,,,,,,,,,,
48,Million Gallon Attack,https://github.com/zolodio/Avatar-TCG-Database/raw/main/48.jpg,strike,rare,AME,https://github.com/zolodio/Avatar-TCG-Database/raw/main/cardback.jpg,lion,6,6,1,1,1,"-2 Intercept → When you counterattack, charge this zone. Use only once.",Katara strives to wash away the evils of the Fire Nation.,"STRT001, STRT003, BSTR001, BSTR002, BSTR003, BSTR004",,,,,,,,,,,,,,,
49,Mischievous Downpour,https://github.com/zolodio/Avatar-TCG-Database/raw/main/49.jpg,strike,uncommon,AME,https://github.com/zolodio/Avatar-TCG-Database/raw/main/cardback.jpg,lion,3,4,1,,,"Reflip: Green | When you counterattack, charge this zone.","The Avatar is the world's most powerful bender, but at heart, Aang is still just a kid.","STRT001, STRT003, BSTR001, BSTR002, BSTR003, BSTR004",,,,,,,,,,,,,,,
50,Sea Sphere,https://github.com/zolodio/Avatar-TCG-Database/raw/main/50.jpg,strike,rare,AME,https://github.com/zolodio/Avatar-TCG-Database/raw/main/cardback.jpg,lion,5,5,,2,,"When you counterattack, charge this zone.",She helps an angry sea find its target.,"STRT001, STRT003, BSTR001, BSTR002, BSTR003, BSTR004",,,,,,,,,,,,,,,
51,Snowball Smash,https://github.com/zolodio/Avatar-TCG-Database/raw/main/51.jpg,strike,common,AME,https://github.com/zolodio/Avatar-TCG-Database/raw/main/cardback.jpg,lion,8,5,,2,1,"When you counterattack, charge this zone.",,"STRT001, STRT003, BSTR001, BSTR002, BSTR003, BSTR004",,,,,,,,,,,,,,,
52,Stifling Breeze,https://github.com/zolodio/Avatar-TCG-Database/raw/main/52.jpg,strike,uncommon,AME,https://github.com/zolodio/Avatar-TCG-Database/raw/main/cardback.jpg,lion,6,4,3,,,"While your opponent is defending, your allies cannot be moved or eliminated.",A master Airbender can form a barrier that not even a Yuyan archer can pierce.,"STRT001, STRT009, BSTR001, BSTR002, BSTR003, BSTR004",,,,,,,,,,,,,,,
53,Stifling Wind,https://github.com/zolodio/Avatar-TCG-Database/raw/main/53.jpg,strike,common,AME,https://github.com/zolodio/Avatar-TCG-Database/raw/main/cardback.jpg,lion,5,6,,1,1,"While your opponent is defending, your allies cannot be moved or eliminated.","""Nowhere does the novice make his inexperience clearer than in his choice of opponents""","STRT001, STRT009, BSTR001, BSTR002, BSTR003, BSTR004",,,,,,,,,,,,,,,
54,Surf Spray,https://github.com/zolodio/Avatar-TCG-Database/raw/main/54.jpg,strike,rare,AME,https://github.com/zolodio/Avatar-TCG-Database/raw/main/cardback.jpg,lion,5,2,,2,,"When you counterattack, add a green energy for each charged zone you have.",,"STRT001, STRT003, BSTR001, BSTR002, BSTR003, BSTR004",,,,,,,,,,,,,,,
55,Sweet Revenge,https://github.com/zolodio/Avatar-TCG-Database/raw/main/55.jpg,strike,uncommon,AME,https://github.com/zolodio/Avatar-TCG-Database/raw/main/cardback.jpg,lion,5,3,3,,,"-1 Intercept → When you counterattack, add a green energy.","Aang learned his mischievous ways from his mentor, Monk Gyatso.","STRT001, STRT009, BSTR001, BSTR002, BSTR003, BSTR004",,,,,,,,,,,,,,,
56,Tandem Attack,https://github.com/zolodio/Avatar-TCG-Database/raw/main/56.jpg,strike,rare,AME,https://github.com/zolodio/Avatar-TCG-Database/raw/main/cardback.jpg,lion,5,4,2,1,,"While you have an ally in this zone, Tandem Attack has +2 Force.","Katara, Haru and his father, Tyro, led the rebellion of the inprisoned Earthbenders.","STRT001, STRT006, STRT009, BSTR001, BSTR002, BSTR003, BSTR004",,,,,,,,,,,,,,,
57,Wall of Water,https://github.com/zolodio/Avatar-TCG-Database/raw/main/57.jpg,strike,rare,AME,https://github.com/zolodio/Avatar-TCG-Database/raw/main/cardback.jpg,lion,8,1,,3,,"-2 Intercept → When you counterattack from a charged zone, add a yellow energy.",The trick is to form a wave but stop it from cresting.,"STRT001, STRT003, BSTR001, BSTR002, BSTR003, BSTR004",,,,,,,,,,,,,,,
58,Whirling Debris,https://github.com/zolodio/Avatar-TCG-Database/raw/main/58.jpg,strike,rare,AME,https://github.com/zolodio/Avatar-TCG-Database/raw/main/cardback.jpg,lion,4,4,,,1,Two Red → +3 Intercept and +3 Force. Use only once.,"Hungry for power, Afiko betrayed the Airbenders everywhere and helped start the War.","STRT001, STRT009, BSTR001, BSTR002, BSTR003, BSTR004",,,,,,,,,,,,,,,
59,Windmill Barrier,https://github.com/zolodio/Avatar-TCG-Database/raw/main/59.jpg,strike,common,AME,https://github.com/zolodio/Avatar-TCG-Database/raw/main/cardback.jpg,lion,6,5,,2,,"While your opponent is defending, your zones cannot be uncharged.","""Don't you know better than to interrupt an old man on his morning walk?""","STRT001, STRT009, BSTR001, BSTR002, BSTR003, BSTR004",,,,,,,,,,,,,,,
60,Windmill Dome,https://github.com/zolodio/Avatar-TCG-Database/raw/main/60.jpg,strike,uncommon,AME,https://github.com/zolodio/Avatar-TCG-Database/raw/main/cardback.jpg,lion,7,4,1,,1,"While your opponent is defending, your zones cannot be uncharged.",,"STRT001, STRT009, BSTR001, BSTR002, BSTR003, BSTR004",,,,,,,,,,,,,,,
61,Bell Ringer,https://github.com/zolodio/Avatar-TCG-Database/raw/main/61.jpg,strike,uncommon,AME,https://github.com/zolodio/Avatar-TCG-Database/raw/main/cardback.jpg,,4,5,1,2,,"When you counterattack, your opponent eliminates one of his or her allies.",,"STRT001, STRT002, STRT003, BSTR001, BSTR002, BSTR003, BSTR004",,,,,,,,,,,,,,,
62,Boomerang Toss,https://github.com/zolodio/Avatar-TCG-Database/raw/main/62.jpg,strike,uncommon,AME,https://github.com/zolodio/Avatar-TCG-Database/raw/main/cardback.jpg,,5,1,1,1,,Red → +5 Force. Use only once.,"You don't know whether to go left or go right, so in the end, you go down.","STRT001, STRT002, STRT003, BSTR001, BSTR002, BSTR003, BSTR004",,,,,,,,,,,,,,,
63,Canyon Crawler Clash,https://github.com/zolodio/Avatar-TCG-Database/raw/main/63.jpg,strike,common,AME,https://github.com/zolodio/Avatar-TCG-Database/raw/main/cardback.jpg,,6,6,1,1,1,,"""No food in the canyon. It attracts predators. Would you rather be hungry or dead?""","STRT001, STRT004, STRT005, BSTR001, BSTR002, BSTR003, BSTR004",,,,,,,,,,,,,,,
64,Coal Rake,https://github.com/zolodio/Avatar-TCG-Database/raw/main/64.jpg,strike,uncommon,AME,https://github.com/zolodio/Avatar-TCG-Database/raw/main/cardback.jpg,,5,1,1,,1,"When you counterattack, your opponent uncharges one of his or her zones.",,"STRT001, STRT004, STRT005, BSTR001, BSTR002, BSTR003, BSTR004",,,,,,,,,,,,,,,
65,Downdraft,https://github.com/zolodio/Avatar-TCG-Database/raw/main/65.jpg,strike,common,AME,https://github.com/zolodio/Avatar-TCG-Database/raw/main/cardback.jpg,,4,3,1,,,,"Air and gravity are not the same thing, but a skilled Airbender can make one imitate the other.","STRT001, STRT009, BSTR001, BSTR002, BSTR003, BSTR004",,,,,,,,,,,,,,,
66,Earthbound,https://github.com/zolodio/Avatar-TCG-Database/raw/main/66.jpg,strike,common,AME,https://github.com/zolodio/Avatar-TCG-Database/raw/main/cardback.jpg,,6,5,1,,1,,"""Flying Earthbenders? Now that's just unfair!"" -Mu Ki, Fire Nation Soldier","STRT001, STRT004, STRT005, BSTR001, BSTR002, BSTR003, BSTR004",,,,,,,,,,,,,,,
67,Earthbridge,https://github.com/zolodio/Avatar-TCG-Database/raw/main/67.jpg,strike,uncommon,AME,https://github.com/zolodio/Avatar-TCG-Database/raw/main/cardback.jpg,,5,4,2,1,,"When you counterattack, you may move one of your opponent's allies to one of that player's empty ally spaces.","""Earthbenders like to get things done. They leave the artistry to the Waterbenders.""","STRT001, STRT004, STRT005, BSTR001, BSTR002, BSTR003, BSTR004",,,,,,,,,,,,,,,
68,Evade,https://github.com/zolodio/Avatar-TCG-Database/raw/main/68.jpg,strike,common,AME,https://github.com/zolodio/Avatar-TCG-Database/raw/main/cardback.jpg,,3,1,1,,,Red → +4 Intercept. Use only once.,,"STRT001, STRT002, STRT003, BSTR001, BSTR002, BSTR003, BSTR004",,,,,,,,,,,,,,,
69,Falling Leaf Ambush,https://github.com/zolodio/Avatar-TCG-Database/raw/main/69.jpg,strike,rare,AME,https://github.com/zolodio/Avatar-TCG-Database/raw/main/cardback.jpg,,6,4,1,2,,"Red, Green → +2 Intercept and +2 Force. Use only once.","""Man! Why don't we ever look up?"" -Mu Ki, Fire Nation Soldier","STRT001, STRT002, STRT003, BSTR001, BSTR002, BSTR003, BSTR004",,,,,,,,,,,,,,,
70,Knuckle Sandwich,https://github.com/zolodio/Avatar-TCG-Database/raw/main/70.jpg,strike,common,AME,https://github.com/zolodio/Avatar-TCG-Database/raw/main/cardback.jpg,,6,4,2,1,,,"""I knew we couldn't trust you, Jet!""","STRT001, STRT002, STRT003, BSTR001, BSTR002, BSTR003, BSTR004",,,,,,,,,,,,,,,
71,Kyoshi Backhand,https://github.com/zolodio/Avatar-TCG-Database/raw/main/71.jpg,strike,uncommon,AME,https://github.com/zolodio/Avatar-TCG-Database/raw/main/cardback.jpg,,4,4,,,1,"When you counterattack, your opponent eliminates one of his or her energy.","""You must think of the fan as an extension of your arm.""","STRT001, STRT004, STRT005, BSTR001, BSTR002, BSTR003, BSTR004",,,,,,,,,,,,,,,
72,Kyoshi Fan Parry,https://github.com/zolodio/Avatar-TCG-Database/raw/main/72.jpg,strike,common,AME,https://github.com/zolodio/Avatar-TCG-Database/raw/main/cardback.jpg,,7,2,2,,1,Reflip: Green (You may pay a green energy to discard this card and flip a new one in this zone.),"""It's not about strength. Our technique is about using your opponents' force against them.""","STRT001, STRT004, STRT005, BSTR001, BSTR002, BSTR003, BSTR004",,,,,,,,,,,,,,,
73,Kyoshi Fan Throw,https://github.com/zolodio/Avatar-TCG-Database/raw/main/73.jpg,strike,uncommon,AME,https://github.com/zolodio/Avatar-TCG-Database/raw/main/cardback.jpg,,5,4,3,,,"When you counterattack, you may move one of your green energy to your yellow zone.","Never make fun of Kyoshi methods, unless you like being humiliated.","STRT001, STRT004, STRT005, BSTR001, BSTR002, BSTR003, BSTR004",,,,,,,,,,,,,,,
74,Kyoshi Pride,https://github.com/zolodio/Avatar-TCG-Database/raw/main/74.jpg,strike,common,AME,https://github.com/zolodio/Avatar-TCG-Database/raw/main/cardback.jpg,,5,5,,2,,Reflip: Green (You may pay a green energy to discard this card and flip a new one in this zone.),"The warriors of Kyoshi follow tradition, wearing ornate armor and face paint.","STRT001, STRT002, STRT003, BSTR001, BSTR002, BSTR003, BSTR004",,,,,,,,,,,,,,,
75,Pummel,https://github.com/zolodio/Avatar-TCG-Database/raw/main/75.jpg,strike,common,AME,https://github.com/zolodio/Avatar-TCG-Database/raw/main/cardback.jpg,,4,4,2,,,Green → +1 Intercept. Use only once.,,"STRT001, STRT002, STRT003, BSTR001, BSTR002, BSTR003, BSTR004",,,,,,,,,,,,,,,
76,Seize the Moment,https://github.com/zolodio/Avatar-TCG-Database/raw/main/76.jpg,strike,common,AME,https://github.com/zolodio/Avatar-TCG-Database/raw/main/cardback.jpg,,2,6,1,,,Reflip: Green (You may pay a green energy to discard this card and flip a new one in this zone.),"Timing is everything. Spring a second too soon or too late, and your attack will fail.","STRT001, STRT002, STRT003, BSTR001, BSTR002, BSTR003, BSTR004",,,,,,,,,,,,,,,
77,Skewer,https://github.com/zolodio/Avatar-TCG-Database/raw/main/77.jpg,strike,common,AME,https://github.com/zolodio/Avatar-TCG-Database/raw/main/cardback.jpg,,3,6,,1,,,"Hooked swords are dangerous and rarely seen, much like Jet himself.","STRT001, STRT002, STRT003, BSTR001, BSTR002, BSTR003, BSTR004",,,,,,,,,,,,,,,
78,Snapped Off,https://github.com/zolodio/Avatar-TCG-Database/raw/main/78.jpg,strike,common,AME,https://github.com/zolodio/Avatar-TCG-Database/raw/main/cardback.jpg,,8,4,1,1,1,,"What the spear lacks in subtlety, it more than makes up for in sharpness.","STRT001, STRT002, STRT003, BSTR001, BSTR002, BSTR003, BSTR004",,,,,,,,,,,,,,,
79,Tremor Trail,https://github.com/zolodio/Avatar-TCG-Database/raw/main/79.jpg,strike,uncommon,AME,https://github.com/zolodio/Avatar-TCG-Database/raw/main/cardback.jpg,,5,6,1,2,,,Every Earthbender carries in his heart the power to shake the world.,"STRT001, STRT004, STRT005, BSTR001, BSTR002, BSTR003, BSTR004",,,,,,,,,,,,,,,
80,Will of the Warrior,https://github.com/zolodio/Avatar-TCG-Database/raw/main/80.jpg,strike,uncommon,AME,https://github.com/zolodio/Avatar-TCG-Database/raw/main/cardback.jpg,,4,7,3,,1,,"Sokka hates trouble, but he'll brave anything to help his friends.","STRT001, STRT002, STRT003, BSTR001, BSTR002, BSTR003, BSTR004",,,,,,,,,,,,,,,
81,Churning Stomachs,https://github.com/zolodio/Avatar-TCG-Database/raw/main/81.jpg,advantage,uncommon,AME,https://github.com/zolodio/Avatar-TCG-Database/raw/main/cardback.jpg,body,,,2,,,Your opponent's strikes cost an additional yellow energy to play.,One of Kinto's favorite pranks is to slosh his victims' insides.,"STRT001, STRT011, BSTR001, BSTR002, BSTR003, BSTR004",,,,,,,,,,,,,,,
82,Crystal Rampart,https://github.com/zolodio/Avatar-TCG-Database/raw/main/82.jpg,advantage,rare,AME,https://github.com/zolodio/Avatar-TCG-Database/raw/main/cardback.jpg,body,,,,,1,Your strikes have +2 Intercept.,"""Missed me! Missed me!""","STRT001, STRT011, BSTR001, BSTR002, BSTR003, BSTR004",,,,,,,,,,,,,,,
83,Dive for Cover,https://github.com/zolodio/Avatar-TCG-Database/raw/main/83.jpg,advantage,uncommon,AME,https://github.com/zolodio/Avatar-TCG-Database/raw/main/cardback.jpg,body,,,1,,,Your strikes have +1 Intercept while in one of your charged zones.,"To an Earthbender, the best way out is ""down.""","STRT001, STRT004, BSTR001, BSTR002, BSTR003, BSTR004",,,,,,,,,,,,,,,
84,Flopsie Flop,https://github.com/zolodio/Avatar-TCG-Database/raw/main/84.jpg,advantage,rare,AME,https://github.com/zolodio/Avatar-TCG-Database/raw/main/cardback.jpg,body,,,1,1,,Your opponent cannot focus or pitch.,"""That's a good boy! Yes, oh, that's a soft belly!""","STRT001, STRT004, BSTR001, BSTR002, BSTR003, BSTR004",,,,,,,,,,,,,,,
85,Immobilize,https://github.com/zolodio/Avatar-TCG-Database/raw/main/85.jpg,advantage,rare,AME,https://github.com/zolodio/Avatar-TCG-Database/raw/main/cardback.jpg,body,,,1,,,"While your opponent is defending, his or her zones cannot be charged.","""Welcome to life in a fishbowl, Aang!""","STRT001, STRT011, BSTR001, BSTR002, BSTR003, BSTR004",,,,,,,,,,,,,,,
86,Misdirection,https://github.com/zolodio/Avatar-TCG-Database/raw/main/86.jpg,advantage,common,AME,https://github.com/zolodio/Avatar-TCG-Database/raw/main/cardback.jpg,body,,,2,,,Your opponent skips defending in his or her green zone.,"As an orphan, Malu spent the first years of the War alone in the forest.","STRT001, STRT006, BSTR001, BSTR002, BSTR003, BSTR004",,,,,,,,,,,,,,,
87,Riding the Crest,https://github.com/zolodio/Avatar-TCG-Database/raw/main/87.jpg,advantage,common,AME,https://github.com/zolodio/Avatar-TCG-Database/raw/main/cardback.jpg,body,,,1,,,"While your opponent is defending in his or her green zone, your strikes have +2 Force.",Kinto is a braggart and show-off. He uses Waterbending to make himself look cool.,"STRT001, STRT011, BSTR001, BSTR002, BSTR003, BSTR004",,,,,,,,,,,,,,,
88,Stand Firm,https://github.com/zolodio/Avatar-TCG-Database/raw/main/88.jpg,advantage,rare,AME,https://github.com/zolodio/Avatar-TCG-Database/raw/main/cardback.jpg,body,,,2,,,Your strikes have +1 Intercept and +1 Force while in one of your charged zones.,"Stand too close, and you'll be picking pebbles out of your teeth for weeks.","STRT001, STRT004, BSTR001, BSTR002, BSTR003, BSTR004",,,,,,,,,,,,,,,
89,Take the High Ground,https://github.com/zolodio/Avatar-TCG-Database/raw/main/89.jpg,advantage,uncommon,AME,https://github.com/zolodio/Avatar-TCG-Database/raw/main/cardback.jpg,body,,,1,,,Your strikes have +1 Force while in one of your charged zones.,"""You thought I was a frail old man, but I'm the most powerful Earthbender you'll ever see!""","STRT001, STRT004, BSTR001, BSTR002, BSTR003, BSTR004",,,,,,,,,,,,,,,
90,Ward Off,https://github.com/zolodio/Avatar-TCG-Database/raw/main/90.jpg,advantage,common,AME,https://github.com/zolodio/Avatar-TCG-Database/raw/main/cardback.jpg,body,,,1,,,"While your opponent is defending, your zones cannot be uncharged, and your allies cannot be moved or eliminated.",Some say that Malu's spirit still protects the forest she loved.,"STRT001, STRT006, BSTR001, BSTR002, BSTR003, BSTR004",,,,,,,,,,,,,,,
91,Charisma,https://github.com/zolodio/Avatar-TCG-Database/raw/main/91.jpg,advantage,rare,AME,https://github.com/zolodio/Avatar-TCG-Database/raw/main/cardback.jpg,mind,,,3,,,Immediate — Your opponent moves one of his or her allies to one of your empty ally spaces.,"""My name is Jet, and these are my freedom fighters. You should fit right in.""","STRT001, STRT009, BSTR001, BSTR002, BSTR003, BSTR004",,,,,,,,,,,,,,,
92,Contemplate,https://github.com/zolodio/Avatar-TCG-Database/raw/main/92.jpg,advantage,common,AME,https://github.com/zolodio/Avatar-TCG-Database/raw/main/cardback.jpg,mind,,,1,,,Immediate — Look at the top two cards of your deck. Put them back in any order.,"""We can't concern ourselves with what was. We must act on what is.""","STRT001, STRT003, BSTR001, BSTR002, BSTR003, BSTR004",,,,,,,,,,,,,,,
93,Incinerate,https://github.com/zolodio/Avatar-TCG-Database/raw/main/93.jpg,advantage,common,AME,https://github.com/zolodio/Avatar-TCG-Database/raw/main/cardback.jpg,mind,,,1,,,Immediate — Your opponent turns the top card of his or her deck face up. You may have your opponent put that card into his or her discard pile.,"""The only thing better than burning this is knowing how desperately you wanted it.""","STRT001, STRT010, BSTR001, BSTR002, BSTR003, BSTR004",,,,,,,,,,,,,,,
94,Meditate,https://github.com/zolodio/Avatar-TCG-Database/raw/main/94.jpg,advantage,rare,AME,https://github.com/zolodio/Avatar-TCG-Database/raw/main/cardback.jpg,mind,,,2,,,Immediate — Look at the top three cards of your deck. Put them back in any order.,"""Large deeds are accomplished by completing many small tasks.""","STRT001, STRT003, BSTR001, BSTR002, BSTR003, BSTR004",,,,,,,,,,,,,,,
95,Pai Sho Mastery,https://github.com/zolodio/Avatar-TCG-Database/raw/main/95.jpg,advantage,rare,AME,https://github.com/zolodio/Avatar-TCG-Database/raw/main/cardback.jpg,mind,,,1,,,"While Pai Sho Mastery is in your advantage area, your cards have ""Reflip: Eliminate Pai Sho Mastery.""","""Most think the Lotus Tile insignificant, but it is essential for the unusual strategy that I employ.""","STRT001, STRT008, BSTR001, BSTR002, BSTR003, BSTR004",,,,,,,,,,,,,,,
96,Run the Blockade,https://github.com/zolodio/Avatar-TCG-Database/raw/main/96.jpg,advantage,uncommon,AME,https://github.com/zolodio/Avatar-TCG-Database/raw/main/cardback.jpg,mind,,,1,,,Immediate — You may move any player's ally to one of that player's empty ally spaces.,,"STRT001, STRT003, BSTR001, BSTR002, BSTR003, BSTR004",,,,,,,,,,,,,,,
97,Sculpted Flame,https://github.com/zolodio/Avatar-TCG-Database/raw/main/97.jpg,advantage,uncommon,AME,https://github.com/zolodio/Avatar-TCG-Database/raw/main/cardback.jpg,mind,,,1,,,"As you play Sculpted Flame, choose one: Your strikes have +1 Intercept and -1 Force; or your strikes have -1 Intercept and +1 Force.",,"STRT001, STRT008, BSTR001, BSTR002, BSTR003, BSTR004",,,,,,,,,,,,,,,
98,Training Scroll,https://github.com/zolodio/Avatar-TCG-Database/raw/main/98.jpg,advantage,common,AME,https://github.com/zolodio/Avatar-TCG-Database/raw/main/cardback.jpg,mind,,,1,,,"Whenever you flip a card, turn the top card of your deck face up.","""Check out my new moves!""","STRT001, STRT003, BSTR001, BSTR002, BSTR003, BSTR004",,,,,,,,,,,,,,,
99,Water Kata,https://github.com/zolodio/Avatar-TCG-Database/raw/main/99.jpg,advantage,uncommon,AME,https://github.com/zolodio/Avatar-TCG-Database/raw/main/cardback.jpg,mind,,,,1,,"When you counterattack, you may uncharge one of your zones. If you do, charge one of your zones.",Water hides its strength well. Bending is just a matter of convincing it to show off.,"STRT001, STRT003, BSTR001, BSTR002, BSTR003, BSTR004",,,,,,,,,,,,,,,
100,Yip Yip!,https://github.com/zolodio/Avatar-TCG-Database/raw/main/100.jpg,advantage,rare,AME,https://github.com/zolodio/Avatar-TCG-Database/raw/main/cardback.jpg,mind,,,1,1,,Immediate — You are now defending up one zone. (Charge the zone in which you played this advantage.),"""Walking stinks. How do people go anywhere without a flying bison?""","STRT001, STRT003, BSTR001, BSTR002, BSTR003, BSTR004",,,,,,,,,,,,,,,
101,Bad Breath,https://github.com/zolodio/Avatar-TCG-Database/raw/main/101.jpg,advantage,rare,AME,https://github.com/zolodio/Avatar-TCG-Database/raw/main/cardback.jpg,spirit,,,,1,,"Immediate — If this zone is already charged, you may uncharge any zone.","History records that in the War's fifth year, Fire Lord Sozin had Afiko executed as a traitor.","STRT001, STRT009, BSTR001, BSTR002, BSTR003, BSTR004",,,,,,,,,,,,,,,
102,Channel the Winds,https://github.com/zolodio/Avatar-TCG-Database/raw/main/102.jpg,advantage,rare,AME,https://github.com/zolodio/Avatar-TCG-Database/raw/main/cardback.jpg,spirit,,,3,,,Immediate — You may charge any zone. (You also charge this zone as normal.),,"STRT001, STRT009, BSTR001, BSTR002, BSTR003, BSTR004",,,,,,,,,,,,,,,
103,Dust Storm,https://github.com/zolodio/Avatar-TCG-Database/raw/main/103.jpg,advantage,common,AME,https://github.com/zolodio/Avatar-TCG-Database/raw/main/cardback.jpg,spirit,,,2,,,"When you counterattack, add a yellow energy.","Concealed by the swirling cloud, Aang has time to gather his chi.","STRT001, STRT002, STRT003, BSTR001, BSTR002, BSTR003, BSTR004",,,,,,,,,,,,,,,
104,Expendable Troops,https://github.com/zolodio/Avatar-TCG-Database/raw/main/104.jpg,advantage,uncommon,AME,https://github.com/zolodio/Avatar-TCG-Database/raw/main/cardback.jpg,spirit,,,1,,,"Immediate — You may eliminate one of your allies. If you do, eliminate one of your opponent's allies.","""Bring me the Avatar, or don't bother coming back!""","STRT001, STRT007, BSTR001, BSTR002, BSTR003, BSTR004",,,,,,,,,,,,,,,
105,Fiery Temper,https://github.com/zolodio/Avatar-TCG-Database/raw/main/105.jpg,advantage,common,AME,https://github.com/zolodio/Avatar-TCG-Database/raw/main/cardback.jpg,spirit,,,1,1,,Reflip: Green | Immediate — You may eliminate an ally.,"""You'd better learn some respect, Lieutenant, or I will teach it to you.""","STRT001, STRT007, BSTR001, BSTR002, BSTR003, BSTR004",,,,,,,,,,,,,,,
106,Flying Staff Technique,https://github.com/zolodio/Avatar-TCG-Database/raw/main/106.jpg,advantage,uncommon,AME,https://github.com/zolodio/Avatar-TCG-Database/raw/main/cardback.jpg,spirit,,,2,,,"Immediate — If this zone is already charged, you may charge any zone.",,"STRT001, STRT002, BSTR001, BSTR002, BSTR003, BSTR004",,,,,,,,,,,,,,,
107,Glorious Feast,https://github.com/zolodio/Avatar-TCG-Database/raw/main/107.jpg,advantage,rare,AME,https://github.com/zolodio/Avatar-TCG-Database/raw/main/cardback.jpg,spirit,,,3,,,Immediate — Add a red energy.,"""Let us leave!"" ""Lettuce leaf?""","STRT001, STRT004, BSTR001, BSTR002, BSTR003, BSTR004",,,,,,,,,,,,,,,
108,Head Over Heels,https://github.com/zolodio/Avatar-TCG-Database/raw/main/108.jpg,advantage,uncommon,AME,https://github.com/zolodio/Avatar-TCG-Database/raw/main/cardback.jpg,spirit,,,1,1,,Reflip: Green | Immediate — You may uncharge any zone.,"""Sorry, boys. Didn't mean to knock you off your feet.""","STRT001, STRT005, BSTR001, BSTR002, BSTR003, BSTR004",,,,,,,,,,,,,,,
109,Highway Robbery,https://github.com/zolodio/Avatar-TCG-Database/raw/main/109.jpg,advantage,common,AME,https://github.com/zolodio/Avatar-TCG-Database/raw/main/cardback.jpg,spirit,,,1,,,"When your opponent counterattacks from his or her green zone, you add two green energy.","""Make with the cabbages! This rock's awfully heavy, and I'd hate for something bad to happen.""","STRT001, STRT005, BSTR001, BSTR002, BSTR003, BSTR004",,,,,,,,,,,,,,,
110,Volcanic Fountain,https://github.com/zolodio/Avatar-TCG-Database/raw/main/110.jpg,advantage,rare,AME,https://github.com/zolodio/Avatar-TCG-Database/raw/main/cardback.jpg,spirit,,,1,,,"Immediate — You may eliminate an energy in this zone. If you do, eliminate one of your opponent's energy of the same color.",,"STRT001, STRT007, BSTR001, BSTR002, BSTR003, BSTR004",,,,,,,,,,,,,,,
111,Bonzu Pippinpaddle-Oppsokopolis III,https://github.com/zolodio/Avatar-TCG-Database/raw/main/111.jpg,advantage,uncommon,AME,https://github.com/zolodio/Avatar-TCG-Database/raw/main/cardback.jpg,,,,,,1,Immediate — Your opponent uncharges one of his or her zones.,"""You'd be surprised how easy it is to trick people into letting their guard down.""","STRT001, STRT002, STRT004, BSTR001, BSTR002, BSTR003, BSTR004",,,,,,,,,,,,,,,
112,Caution to the Wind,https://github.com/zolodio/Avatar-TCG-Database/raw/main/112.jpg,advantage,common,AME,https://github.com/zolodio/Avatar-TCG-Database/raw/main/cardback.jpg,,,,1,,,Your strikes have -1 Intercept and +1 Force.,"""Bumi, you're a mad genius!""","STRT001, STRT002, STRT004, BSTR001, BSTR002, BSTR003, BSTR004",,,,,,,,,,,,,,,
113,Closed-Hand Form,https://github.com/zolodio/Avatar-TCG-Database/raw/main/113.jpg,advantage,common,AME,https://github.com/zolodio/Avatar-TCG-Database/raw/main/cardback.jpg,,,,,1,,Your strikes have +1 Force.,"The Closed Hand moves against the enemy, forcing him to reveal his weakness.","STRT001, STRT007, STRT008, BSTR001, BSTR002, BSTR003, BSTR004",,,,,,,,,,,,,,,
114,Lifesaver,https://github.com/zolodio/Avatar-TCG-Database/raw/main/114.jpg,advantage,uncommon,AME,https://github.com/zolodio/Avatar-TCG-Database/raw/main/cardback.jpg,,,,1,,,Your strikes have +1 Intercept in your red zone.,"""Aang saved our tribe. Now I have to save him.""","STRT001, STRT002, STRT003, BSTR001, BSTR002, BSTR003, BSTR004",,,,,,,,,,,,,,,
115,Open-Hand Form,https://github.com/zolodio/Avatar-TCG-Database/raw/main/115.jpg,advantage,common,AME,https://github.com/zolodio/Avatar-TCG-Database/raw/main/cardback.jpg,,,,,1,,Your strikes have +1 Intercept.,The Open Hand moves with the enemy until he reveals his weakness.,"STRT001, STRT002, BSTR001, BSTR002, BSTR003, BSTR004, XPS001",,,,,,,,,,,,,,,
116,Roku's Guidance,https://github.com/zolodio/Avatar-TCG-Database/raw/main/116.jpg,advantage,common,AME,https://github.com/zolodio/Avatar-TCG-Database/raw/main/cardback.jpg,,,,1,,,Immediate — Look at the top card of your deck. You may put it into your discard pile.,"""I am a part of you. When you need my help you will know how to find it.""","STRT001, STRT002, BSTR001, BSTR002, BSTR003, BSTR004",,,,,,,,,,,,,,,
117,Sustenance,https://github.com/zolodio/Avatar-TCG-Database/raw/main/117.jpg,advantage,common,AME,https://github.com/zolodio/Avatar-TCG-Database/raw/main/cardback.jpg,,,,2,1,,Immediate — Add a red energy.,"""Can't talk. Must eat.""","STRT001, STRT002, STRT003, BSTR001, BSTR002, BSTR003, BSTR004",,,,,,,,,,,,,,,
118,Take Them Away,https://github.com/zolodio/Avatar-TCG-Database/raw/main/118.jpg,advantage,common,AME,https://github.com/zolodio/Avatar-TCG-Database/raw/main/cardback.jpg,,,,,,1,Immediate — Your opponent eliminates one of his or her allies.,"The prison rig is a cruel place where Earthbenders are locked away, never to return.","STRT001, STRT009, STRT010, STRT011, BSTR001, BSTR002, BSTR003, BSTR004",,,,,,,,,,,,,,,
119,"Aang, the last airbender",https://github.com/zolodio/Avatar-TCG-Database/raw/main/119.jpg,ally,uncommon,AME,https://github.com/zolodio/Avatar-TCG-Database/raw/main/cardback.jpg,light,,,,,1,"In Aang's zone, your strikes have +1 Intercept.","""Love each other, respect all life, and don't run with your spears."" ","STRT001, STRT002, STRT003, STRT004, BSTR001, BSTR002, BSTR003, BSTR004",,,,,,,,,,,,,,,
120,"Appa, flying bison",https://github.com/zolodio/Avatar-TCG-Database/raw/main/120.jpg,ally,rare,AME,https://github.com/zolodio/Avatar-TCG-Database/raw/main/cardback.jpg,light,,,1,1,,"Whenever you flip a card in Appa's zone, you may swap Appa with an ally in one of your other zones.","""He's a gigantic, fluffy monster with an arrow on his head. It's kinda hard to miss him.""","STRT001, STRT002, STRT003, STRT004, BSTR001, BSTR002, BSTR003, BSTR004",,,,,,,,,,,,,,,
121,"Katara, waterbender in training",https://github.com/zolodio/Avatar-TCG-Database/raw/main/121.jpg,ally,rare,AME,https://github.com/zolodio/Avatar-TCG-Database/raw/main/cardback.jpg,light,,,1,,,"Yellow → When you counterattack from Katara's zone, charge this zone. Use only once per turn.","""Come on, water! Work with me here!""","STRT001, STRT002, STRT003, STRT004, BSTR001, BSTR002, BSTR003, BSTR004",,,,,,,,,,,,,,,
122,"King Bumi, rudder of Omashu",https://github.com/zolodio/Avatar-TCG-Database/raw/main/122.jpg,ally,uncommon,AME,https://github.com/zolodio/Avatar-TCG-Database/raw/main/cardback.jpg,light,,,2,,,"In King Bumi's zone, your strikes have ""Whenever your opponent focuses, this strike gets +1 Force while it's in King Bumi's zone.""","""There are no take-backsies in my kingdom.""","STRT001, STRT002, STRT003, STRT004, BSTR001, BSTR002, BSTR003, BSTR004",,,,,,,,,,,,,,,
123,"Momo, hungry lemur",https://github.com/zolodio/Avatar-TCG-Database/raw/main/123.jpg,ally,common,AME,https://github.com/zolodio/Avatar-TCG-Database/raw/main/cardback.jpg,light,,,1,,,"When you counterattack from Momo's zone, each player adds a green energy.",,"STRT001, STRT002, STRT003, STRT004, BSTR001, BSTR002, BSTR003, BSTR004",,,,,,,,,,,,,,,
124,"Monk Gyatso, Aang's mentor",https://github.com/zolodio/Avatar-TCG-Database/raw/main/124.jpg,ally,common,AME,https://github.com/zolodio/Avatar-TCG-Database/raw/main/cardback.jpg,light,,,1,,,"Whenever you flip a card in Monk Gyatso's zone, turn the top card of your deck face up.","""Just because you grow up doesn't mean you have to stop having fun.""","STRT001, STRT002, STRT003, STRT004, BSTR001, BSTR002, BSTR003, BSTR004",,,,,,,,,,,,,,,
125,"Jet, ruthless rebel",https://github.com/zolodio/Avatar-TCG-Database/raw/main/125.jpg,ally,uncommon,AME,https://github.com/zolodio/Avatar-TCG-Database/raw/main/cardback.jpg,shadow,,,1,,,"When you counterattack from Jet's zone, each player eliminates one of his or her allies.","""We can't win without making some sacrifices.""","STRT001, STRT005, STRT006, STRT007, STRT008, BSTR001, BSTR002, BSTR003, BSTR004",,,,,,,,,,,,,,,
126,"Jojo, the kissing bandit",https://github.com/zolodio/Avatar-TCG-Database/raw/main/126.jpg,ally,rare,AME,https://github.com/zolodio/Avatar-TCG-Database/raw/main/cardback.jpg,shadow,,,,2,,"Reflip: Green | When you counterattack from Jojo's zone, eliminate one of your opponent's green energy, and you add a green energy.",,"STRT001, STRT005, STRT006, STRT007, STRT008, BSTR001, BSTR002, BSTR003, BSTR004",,,,,,,,,,,,,,,
127,"Malu, a reclusive orphan",https://github.com/zolodio/Avatar-TCG-Database/raw/main/127.jpg,ally,uncommon,AME,https://github.com/zolodio/Avatar-TCG-Database/raw/main/cardback.jpg,shadow,,,1,,,"Two Green → In Malu's zone, your strikes have ""Your opponent skips defending in his or her green zone.""","""Malu's parents, Airbender monks, were among the War's first casualties.""","STRT001, STRT005, STRT006, STRT007, STRT008, BSTR001, BSTR002, BSTR003, BSTR004",,,,,,,,,,,,,,,
128,"Pirate Captain, shady trader",https://github.com/zolodio/Avatar-TCG-Database/raw/main/128.jpg,ally,common,AME,https://github.com/zolodio/Avatar-TCG-Database/raw/main/cardback.jpg,shadow,,,1,,,"When you counterattack from Pirate Captain's zone, look at the top card of your deck. You may put it into your discard pile.","""We prefer to think of ourselves as high-risk traders.""","STRT001, STRT005, STRT006, STRT007, STRT008, BSTR001, BSTR002, BSTR003, BSTR004",,,,,,,,,,,,,,,
129,"Prince Zuko, exile",https://github.com/zolodio/Avatar-TCG-Database/raw/main/129.jpg,ally,common,AME,https://github.com/zolodio/Avatar-TCG-Database/raw/main/cardback.jpg,shadow,,,1,,,"Eliminate an energy in Prince Zuko's zone → When you counterattack from Prince Zuko's zone, eliminate an energy of the same color. Use only once per turn.",,"STRT001, STRT005, STRT006, STRT007, STRT008, BSTR001, BSTR002, BSTR003, BSTR004",,,,,,,,,,,,,,,
130,"Uncle Iroh, Zuko's mentor",https://github.com/zolodio/Avatar-TCG-Database/raw/main/130.jpg,ally,rare,AME,https://github.com/zolodio/Avatar-TCG-Database/raw/main/cardback.jpg,shadow,,,,,1,"Whenever you would flip a card in Uncle Iroh's zone, you may first look at the top two cards of your deck. If you do, put them back in any order.",,"STRT001, STRT005, STRT006, STRT007, STRT008, BSTR001, BSTR002, BSTR003, BSTR004",,,,,,,,,,,,,,,
131,"Afiko, bringer of ill winds",https://github.com/zolodio/Avatar-TCG-Database/raw/main/131.jpg,ally,rare,AME,https://github.com/zolodio/Avatar-TCG-Database/raw/main/cardback.jpg,dark,,,1,1,,"When you counterattack from Afiko's zone, you may eliminate one of your allies. If you do, your opponent charges one of your zones.","Before the War began, Afiko was a traitorous monk living in the Southern Air Temple.","STRT001, STRT009, STRT010, STRT011, BSTR001, BSTR002, BSTR003, BSTR004",,,,,,,,,,,,,,,
132,"Commander Zhao, ambitious leader",https://github.com/zolodio/Avatar-TCG-Database/raw/main/132.jpg,ally,uncommon,AME,https://github.com/zolodio/Avatar-TCG-Database/raw/main/cardback.jpg,dark,,,1,1,,Your strikes in Commander Zhao's zone have +1 Force.,"""We are the sons and daughters of fire, the superior element!""","STRT001, STRT009, STRT010, STRT011, BSTR001, BSTR002, BSTR003, BSTR004",,,,,,,,,,,,,,,
133,"Fire Nation Elite, hardened troops",https://github.com/zolodio/Avatar-TCG-Database/raw/main/133.jpg,ally,uncommon,AME,https://github.com/zolodio/Avatar-TCG-Database/raw/main/cardback.jpg,dark,,,,1,,"When you counterattack from Fire Nation Elite's zone, your opponent turns the top card of his or her deck face up. You may have your opponent put that card into his or her discard pile.",,"STRT001, STRT009, STRT010, STRT011, BSTR001, BSTR002, BSTR003, BSTR004",,,,,,,,,,,,,,,
134,"Kinto, cruel trickster",https://github.com/zolodio/Avatar-TCG-Database/raw/main/134.jpg,ally,rare,AME,https://github.com/zolodio/Avatar-TCG-Database/raw/main/cardback.jpg,dark,,,,1,,"When you counterattack from Kinto's zone, you may eliminate one of your allies. If you do, your opponent uncharges one of his or her zones.",Kinto was once shunned by the Northern Water Tribe for his mean-spirited and manipulative pranks.,"STRT001, STRT009, STRT010, STRT011, BSTR001, BSTR002, BSTR003, BSTR004",,,,,,,,,,,,,,,
135,"Prison Warden, breaker of spirits",https://github.com/zolodio/Avatar-TCG-Database/raw/main/135.jpg,ally,common,AME,https://github.com/zolodio/Avatar-TCG-Database/raw/main/cardback.jpg,dark,,,1,,,"Red → When you counterattack from Prison Warden's zone, your opponent eliminates one of his or her allies. Use only once per turn.","""I prefer to think of you not as prisoners, but as honored guests.""","STRT001, STRT009, STRT010, STRT011, BSTR001, BSTR002, BSTR003, BSTR004",,,,,,,,,,,,,,,
136,"Zhao's Guard, loyal firebenders",https://github.com/zolodio/Avatar-TCG-Database/raw/main/136.jpg,ally,common,AME,https://github.com/zolodio/Avatar-TCG-Database/raw/main/cardback.jpg,dark,,,1,,,"Green → When you counterattack from Zhao's Guard's zone, eliminate Zhao's Guard and up to two green energy. Use only once per turn.",,"STRT001, STRT009, STRT010, STRT011, BSTR001, BSTR002, BSTR003, BSTR004",,,,,,,,,,,,,,,
137,"Cabbage Merchant, unfortunate bystander",https://github.com/zolodio/Avatar-TCG-Database/raw/main/137.jpg,ally,uncommon,AME,https://github.com/zolodio/Avatar-TCG-Database/raw/main/cardback.jpg,,,,1,,,"When you counterattack from Cabbage Merchant's zone, you may eliminate Cabbage Merchant. If you do, add a green energy.","""My cabbages!""","STRT001, STRT002, STRT003, STRT004, STRT005, STRT006, STRT007, STRT008, STRT009, STRT010, STRT011, BSTR001, BSTR002, BSTR003, BSTR004",,,,,,,,,,,,,,,
138,"Canyon Guide, pathfinder",https://github.com/zolodio/Avatar-TCG-Database/raw/main/138.jpg,ally,uncommon,AME,https://github.com/zolodio/Avatar-TCG-Database/raw/main/cardback.jpg,,,,,1,,"Whenever you flip a card in Canyon Guide's zone, your opponent turns the top card of his or her deck face up.","""The job's much more than bending, kid. Folks want information!""","STRT001, STRT002, STRT003, STRT004, STRT005, STRT006, STRT007, STRT008, STRT009, STRT010, STRT011, BSTR001, BSTR002, BSTR003, BSTR004",,,,,,,,,,,,,,,
139,"Gan Jin Tribe, children of Jin Wei",https://github.com/zolodio/Avatar-TCG-Database/raw/main/139.jpg,ally,common,AME,https://github.com/zolodio/Avatar-TCG-Database/raw/main/cardback.jpg,,,,2,,,"Green → In Gan Jin Tribe's zone, your strikes have +1 Intercept. Use only once per turn.","""Maybe you Zhangs wouldn't have so many sick people if you weren't such slobs!"".","STRT001, STRT002, STRT003, STRT004, STRT005, STRT006, STRT007, STRT008, STRT009, STRT010, STRT011, BSTR001, BSTR002, BSTR003, BSTR004",,,,,,,,,,,,,,,
140,"Herbalist, mad hermit",https://github.com/zolodio/Avatar-TCG-Database/raw/main/140.jpg,ally,uncommon,AME,https://github.com/zolodio/Avatar-TCG-Database/raw/main/cardback.jpg,,,,,1,,"In Herbalist's zone, your strikes have ""Reflip: Green.""","""...You're insane, aren't you?"" ""That's riilight!""","STRT001, STRT002, STRT003, STRT004, STRT005, STRT006, STRT007, STRT008, STRT009, STRT010, STRT011, BSTR001, BSTR002, BSTR003, BSTR004",,,,,,,,,,,,,,,
141,"Zhang Tribe, children of Wei Jin",https://github.com/zolodio/Avatar-TCG-Database/raw/main/141.jpg,ally,common,AME,https://github.com/zolodio/Avatar-TCG-Database/raw/main/cardback.jpg,,,,2,,,"Green → In Zhang Tribe's zone, your strikes have +1 Force. Use only once per turn.","""If you Gan Jins weren't so clean, maybe you wouldn't live to be so old!""","STRT001, STRT002, STRT003, STRT004, STRT005, STRT006, STRT007, STRT008, STRT009, STRT010, STRT011, BSTR001, BSTR002, BSTR003, BSTR004",,,,,,,,,,,,,,,
142,Air Scooter,https://github.com/zolodio/Avatar-TCG-Database/raw/main/142.jpg,strike,rare,AME,https://github.com/zolodio/Avatar-TCG-Database/raw/main/cardback.jpg,air,5,5,2,1,,"When you flip Air Scooter in a zone without an ally, you may move one of your allies to this zone.","First you form the ball, then you gotta get on-quick!","STRT001, STRT002, STRT006, STRT009, BSTR001, BSTR002, BSTR003, BSTR004",,,,,,,,,,,,,,,
143,Chi Absorption,https://github.com/zolodio/Avatar-TCG-Database/raw/main/143.jpg,strike,uncommon,AME,https://github.com/zolodio/Avatar-TCG-Database/raw/main/cardback.jpg,air,8,1,,1,1,Move Chi Absorption down one zone → Add a yellow energy. (Use only while defending in your green or yellow zone.),"""Afiko helped Fire Lord Sozin conquer the Southern Air Temple, thus starting the War.""","STRT001, STRT002, STRT006, STRT009, BSTR001, BSTR002, BSTR003, BSTR004",,,,,,,,,,,,,,,
144,Dust Funnels,https://github.com/zolodio/Avatar-TCG-Database/raw/main/144.jpg,strike,rare,AME,https://github.com/zolodio/Avatar-TCG-Database/raw/main/cardback.jpg,air,6,5,3,1,,Move Dust Funnels down one zone → Add two green energy. (Use only while defending in your green or yellow zone.),,"STRT001, STRT002, STRT006, STRT009, BSTR001, BSTR002, BSTR003, BSTR004",,,,,,,,,,,,,,,
145,Graceful Leap,https://github.com/zolodio/Avatar-TCG-Database/raw/main/145.jpg,strike,uncommon,AME,https://github.com/zolodio/Avatar-TCG-Database/raw/main/cardback.jpg,air,4,2,,1,,Two Green → Move Graceful Leap up one zone. (Use only while defending in your yellow or red zone.),Afiko led a corps of Fire Nation soldiers who hunted down the remaining Airbenders.,"STRT001, STRT002, STRT006, STRT009, BSTR001, BSTR002, BSTR003, BSTR004",,,,,,,,,,,,,,,
146,Open-Palm Pushback,https://github.com/zolodio/Avatar-TCG-Database/raw/main/146.jpg,strike,rare,AME,https://github.com/zolodio/Avatar-TCG-Database/raw/main/cardback.jpg,air,5,6,,1,1,Move Open-Palm Pushback to your red zone → Your opponent skips defending in his or her green zone. (Use only while defending in your green or yellow zone.),"""Villagers now pay tribute to Malu, who protected the forest nearly a century ago""","STRT001, STRT002, STRT006, STRT009, BSTR001, BSTR002, BSTR003, BSTR004",,,,,,,,,,,,,,,
147,Zoom!,https://github.com/zolodio/Avatar-TCG-Database/raw/main/147.jpg,strike,uncommon,AME,https://github.com/zolodio/Avatar-TCG-Database/raw/main/cardback.jpg,air,4,6,1,,1,Two Green → Move Zoom! up one zone. (Use only while defending in your yellow or red zone.),"""The first rule of fighting an Airbender: Don't blink!""","STRT001, STRT002, STRT006, STRT009, BSTR001, BSTR002, BSTR003, BSTR004",,,,,,,,,,,,,,,
148,Boulder Smash,https://github.com/zolodio/Avatar-TCG-Database/raw/main/148.jpg,strike,rare,AME,https://github.com/zolodio/Avatar-TCG-Database/raw/main/cardback.jpg,earth,5,5,2,1,,"Whenever your opponent focuses, Boulder Smash gets +1 Force.","Oh good heavens! That boulder's headed right for-oof!! -Mu Ki, Fire Nation Soldier","STRT001, STRT004, STRT005, BSTR001, BSTR002, BSTR003, BSTR004",,,,,,,,,,,,,,,
149,Choking Sand,https://github.com/zolodio/Avatar-TCG-Database/raw/main/149.jpg,strike,uncommon,AME,https://github.com/zolodio/Avatar-TCG-Database/raw/main/cardback.jpg,earth,4,6,1,2,,"When your opponent counterattacks from a zone, eliminate an ally in that zone.",,"STRT001, STRT004, STRT005, BSTR001, BSTR002, BSTR003, BSTR004",,,,,,,,,,,,,,,
150,Granite Block,https://github.com/zolodio/Avatar-TCG-Database/raw/main/150.jpg,strike,uncommon,AME,https://github.com/zolodio/Avatar-TCG-Database/raw/main/cardback.jpg,earth,7,5,1,1,1,"When your opponent counterattacks from a zone, uncharge that zone.","""A girl has to know how to deflect unwanted attention.""","STRT001, STRT004, STRT005, BSTR001, BSTR002, BSTR003, BSTR004",,,,,,,,,,,,,,,
151,Ground Breaker,https://github.com/zolodio/Avatar-TCG-Database/raw/main/151.jpg,strike,rare,AME,https://github.com/zolodio/Avatar-TCG-Database/raw/main/cardback.jpg,earth,6,2,1,1,1,"When your opponent counterattacks from a zone, uncharge that zone, eliminate an ally in that zone, and eliminate an energy in that zone.",,"STRT001, STRT004, STRT005, BSTR001, BSTR002, BSTR003, BSTR004",,,,,,,,,,,,,,,
152,Quarry Crush,https://github.com/zolodio/Avatar-TCG-Database/raw/main/152.jpg,strike,rare,AME,https://github.com/zolodio/Avatar-TCG-Database/raw/main/cardback.jpg,earth,3,5,,1,,"Reflip: Green | Whenever your opponent focuses, Quarry Crush gets +1 Force.","""You guys look hungry! How about a SANDWICH?""","STRT001, STRT004, STRT005, BSTR001, BSTR002, BSTR003, BSTR004",,,,,,,,,,,,,,,
153,Seismic Spring,https://github.com/zolodio/Avatar-TCG-Database/raw/main/153.jpg,strike,uncommon,AME,https://github.com/zolodio/Avatar-TCG-Database/raw/main/cardback.jpg,earth,4,4,,,1,"When your opponent counterattacks from a zone, eliminate an energy in that zone.","""Hey, I'm just trying to make an honest living. Well... a living, anyway.""","STRT001, STRT004, STRT005, BSTR001, BSTR002, BSTR003, BSTR004",,,,,,,,,,,,,,,
154,Corona Punch,https://github.com/zolodio/Avatar-TCG-Database/raw/main/154.jpg,strike,rare,AME,https://github.com/zolodio/Avatar-TCG-Database/raw/main/cardback.jpg,fire,5,6,,2,1,"When you counterattack, you may eliminate a yellow energy. | Pitch → Eliminate a yellow energy.",A flame can slip through the slightest gap in your defenses.,"STRT001, STRT007, STRT008, STRT010, BSTR001, BSTR002, BSTR003, BSTR004",,,,,,,,,,,,,,,
155,Ember Shot,https://github.com/zolodio/Avatar-TCG-Database/raw/main/155.jpg,strike,rare,AME,https://github.com/zolodio/Avatar-TCG-Database/raw/main/cardback.jpg,fire,4,6,1,,1,"When you counterattack, charge this zone. | Pitch → Charge this zone.",,"STRT001, STRT007, STRT008, STRT010, BSTR001, BSTR002, BSTR003, BSTR004",,,,,,,,,,,,,,,
156,Fire Sweep,https://github.com/zolodio/Avatar-TCG-Database/raw/main/156.jpg,strike,uncommon,AME,https://github.com/zolodio/Avatar-TCG-Database/raw/main/cardback.jpg,fire,3,3,1,,,Pitch → Eliminate up to two green energy.,The only flame that puts <i>you</i> out.,"STRT001, STRT007, STRT008, STRT010, BSTR001, BSTR002, BSTR003, BSTR004",,,,,,,,,,,,,,,
157,Kindle,https://github.com/zolodio/Avatar-TCG-Database/raw/main/157.jpg,strike,uncommon,AME,https://github.com/zolodio/Avatar-TCG-Database/raw/main/cardback.jpg,fire,6,4,3,,,Pitch → Charge this zone.,Firebenders bring new meaning to the term 'warm-up exercises'.,"STRT001, STRT007, STRT008, STRT010, BSTR001, BSTR002, BSTR003, BSTR004",,,,,,,,,,,,,,,
158,Twin Fire Daggers,https://github.com/zolodio/Avatar-TCG-Database/raw/main/158.jpg,strike,uncommon,AME,https://github.com/zolodio/Avatar-TCG-Database/raw/main/cardback.jpg,fire,7,2,,2,,"Green, Pitch → Your opponent eliminates one of his or her allies.","Sometimes called 'dragon fangs', these compact flames are incredibly hot.","STRT001, STRT007, STRT008, STRT010, BSTR001, BSTR002, BSTR003, BSTR004",,,,,,,,,,,,,,,
159,Warship Barrage,https://github.com/zolodio/Avatar-TCG-Database/raw/main/159.jpg,strike,rare,AME,https://github.com/zolodio/Avatar-TCG-Database/raw/main/cardback.jpg,fire,4,4,3,,,"When you counterattack, your opponent eliminates one of his or her allies. | Green, Pitch → Your opponent eliminates one of his or her allies.",,"STRT001, STRT007, STRT008, STRT010, BSTR001, BSTR002, BSTR003, BSTR004",,,,,,,,,,,,,,,
160,Bubble Burst,https://github.com/zolodio/Avatar-TCG-Database/raw/main/160.jpg,strike,uncommon,AME,https://github.com/zolodio/Avatar-TCG-Database/raw/main/cardback.jpg,water,4,4,,,1,-1 Intercept → +1 Force.,Bet you thought you were winning this one Sokka,"STRT001, STRT003, STRT011, BSTR001, BSTR002, BSTR003, BSTR004",,,,,,,,,,,,,,,
161,Clutches of the Deep,https://github.com/zolodio/Avatar-TCG-Database/raw/main/161.jpg,strike,rare,AME,https://github.com/zolodio/Avatar-TCG-Database/raw/main/cardback.jpg,water,9,0,2,,1,-1 Intercept → +1 Force.,"""Come back here! No one ignores me!""","STRT001, STRT003, STRT011, BSTR001, BSTR002, BSTR003, BSTR004",,,,,,,,,,,,,,,
162,Flash Flood,https://github.com/zolodio/Avatar-TCG-Database/raw/main/162.jpg,strike,rare,AME,https://github.com/zolodio/Avatar-TCG-Database/raw/main/cardback.jpg,water,5,4,2,,1,"When you counterattack from a charged zone, you may charge any zone.","When you're a Waterbender, it's always high tide.","STRT001, STRT003, STRT011, BSTR001, BSTR002, BSTR003, BSTR004",,,,,,,,,,,,,,,
163,Ice Blooms,https://github.com/zolodio/Avatar-TCG-Database/raw/main/163.jpg,strike,uncommon,AME,https://github.com/zolodio/Avatar-TCG-Database/raw/main/cardback.jpg,water,6,4,2,1,,"Red → When you counterattack, charge any zone. Use only once.","When Katara says, ""Freeze!"" she means it.","STRT001, STRT003, STRT011, BSTR001, BSTR002, BSTR003, BSTR004",,,,,,,,,,,,,,,
164,Single Water Whip,https://github.com/zolodio/Avatar-TCG-Database/raw/main/164.jpg,strike,uncommon,AME,https://github.com/zolodio/Avatar-TCG-Database/raw/main/cardback.jpg,water,5,5,2,1,,"Uncharge this zone → When you counterattack, charge any zone.",,"STRT001, STRT003, STRT011, BSTR001, BSTR002, BSTR003, BSTR004",,,,,,,,,,,,,,,
165,Tidal Wave,https://github.com/zolodio/Avatar-TCG-Database/raw/main/165.jpg,strike,rare,AME,https://github.com/zolodio/Avatar-TCG-Database/raw/main/cardback.jpg,water,6,7,1,2,1,"-3 Intercept → When you counterattack, charge any zone. Use only once.","""Look on the bright side, Zuko. At least no one will have to swab the deck!""","STRT001, STRT003, STRT011, BSTR001, BSTR002, BSTR003, BSTR004",,,,,,,,,,,,,,,
166,The Avatar Awakens,https://github.com/zolodio/Avatar-TCG-Database/raw/main/166.jpg,strike,Zenemental,AME,https://github.com/zolodio/Avatar-TCG-Database/raw/main/cardback.jpg,,8,8,,,3,Exclusive — Aang,,"BSTR001, BSTR002, BSTR003, BSTR004","The Avatar Awakens is a Zenemental card, very hard to aquire. Zenemental cards could only be obtained through various boosters.",,,,,,,,,,,,,,
167,"Sokka, big brother",https://github.com/zolodio/Avatar-TCG-Database/raw/main/167.jpg,ally,Zenemental,AME,https://github.com/zolodio/Avatar-TCG-Database/raw/main/cardback.jpg,,,,1,,,"Exclusive — Katara | Uncharge Sokka's zone → If you have a strike in Sokka's zone, choose one: That strike gets +1 Intercept; or that strike gets +1 Force. Use only once per turn.",,"BSTR001, BSTR002, BSTR003, BSTR004","Sokka, big brother is a Zenemental card, very hard to aquire. Zenemental cards could only be obtained through various boosters.",,,,,,,,,,,,,,
168,"Flopsie, Bumi's pet",https://github.com/zolodio/Avatar-TCG-Database/raw/main/168.jpg,ally,Zenemental,AME,https://github.com/zolodio/Avatar-TCG-Database/raw/main/cardback.jpg,,,,1,,1,"Exclusive — King Bumi | In Flopsie's zone, your strikes have -1 Intercept and +2 Force.",,"BSTR001, BSTR002, BSTR003, BSTR004","Flopsie, Bumi's pet is a Zenemental card, very hard to aquire. Zenemental cards could only be obtained through various boosters.",,,,,,,,,,,,,,
169,The Kissing Bandit,https://github.com/zolodio/Avatar-TCG-Database/raw/main/169.jpg,advantage,Zenemental,AME,https://github.com/zolodio/Avatar-TCG-Database/raw/main/cardback.jpg,,,,1,1,,"Exclusive — Jojo | When you counterattack from a zone, add an energy to that zone and eliminate one of your opponent's energy of the same color.",,"BSTR001, BSTR002, BSTR003, BSTR004","The Kissing Bandit is a Zenemental card, very hard to aquire. Zenemental cards could only be obtained through various boosters.",,,,,,,,,,,,,,
170,Strata Breaker,https://github.com/zolodio/Avatar-TCG-Database/raw/main/170.jpg,strike,Zenemental,AME,https://github.com/zolodio/Avatar-TCG-Database/raw/main/cardback.jpg,,3,3,1,,,Exclusive — Malu | Your opponent skips defending in his or her green and yellow zones.,,"BSTR001, BSTR002, BSTR003, BSTR004","Strata Breaker is a Zenemental card, very hard to aquire. Zenemental cards could only be obtained through various boosters.",,,,,,,,,,,,,,
171,Tail of the Comet,https://github.com/zolodio/Avatar-TCG-Database/raw/main/171.jpg,strike,Zenemental,AME,https://github.com/zolodio/Avatar-TCG-Database/raw/main/cardback.jpg,,5,5,1,1,1,"Exclusive — Prince Zuko | When you counterattack, you may eliminate an energy.",,"BSTR001, BSTR002, BSTR003, BSTR004","Tail of the Comet is a Zenemental card, very hard to aquire. Zenemental cards could only be obtained through various boosters.",,,,,,,,,,,,,,
172,Shocking Revelation,https://github.com/zolodio/Avatar-TCG-Database/raw/main/172.jpg,strike,Zenemental,AME,https://github.com/zolodio/Avatar-TCG-Database/raw/main/cardback.jpg,,5,4,1,1,,Exclusive — Uncle Iroh | Pitch → Look at the top three cards of your deck. Put one on the top of your deck and the rest into your discard pile.,,"BSTR001, BSTR002, BSTR003, BSTR004","Shocking Revelation is a Zenemental card, very hard to aquire. Zenemental cards could only be obtained through various boosters.",,,,,,,,,,,,,,
173,Hollow Soul Hurricane,https://github.com/zolodio/Avatar-TCG-Database/raw/main/173.jpg,strike,Zenemental,AME,https://github.com/zolodio/Avatar-TCG-Database/raw/main/cardback.jpg,,4,4,3,,,Exclusive — Afiko | Turn your Chamber Card from the back to the front → +3 Intercept and +3 Force.,,"BSTR001, BSTR002, BSTR003, BSTR004","Hollow Soul Hurricane is a Zenemental card, very hard to aquire. Zenemental cards could only be obtained through various boosters.",,,,,,,,,,,,,,
174,Maw of the Inferno,https://github.com/zolodio/Avatar-TCG-Database/raw/main/174.jpg,strike,Zenemental,AME,https://github.com/zolodio/Avatar-TCG-Database/raw/main/cardback.jpg,,6,5,1,1,1,"Exclusive — Commander Zhao | When you counterattack, you may eliminate an ally.",,"BSTR001, BSTR002, BSTR003, BSTR004","Maw of the Inferno is a Zenemental card, very hard to aquire. Zenemental cards could only be obtained through various boosters.",,,,,,,,,,,,,,
175,Aquatic Tendrils,https://github.com/zolodio/Avatar-TCG-Database/raw/main/175.jpg,advantage,Zenemental,AME,https://github.com/zolodio/Avatar-TCG-Database/raw/main/cardback.jpg,,,,,,1,Exclusive — Kinto | Your opponent's strikes cost an additional red energy to play.,,"BSTR001, BSTR002, BSTR003, BSTR004","Aquatic Tendrils is a Zenemental card, very hard to aquire. Zenemental cards could only be obtained through various boosters.",,,,,,,,,,,,,,
176,Aang,https://github.com/zolodio/Avatar-TCG-Database/raw/main/AME176a.jpg,chamber,common,AME,https://github.com/zolodio/Avatar-TCG-Database/raw/main/AME176b.jpg,"fox, spirit, light, air",,,,,,,,"STRT001, STRT002, BSTR001, BSTR002, BSTR003, BSTR004",,5,7,1,,,"Penguin Sledding: Whenever your opponent focuses, Penguin Sledding gets -1 Force.",,9,9,,,,"Taming the Unagi: Whenever your opponent focuses, Taming the Unagi gets -2 Force",
177,Aang,https://github.com/zolodio/Avatar-TCG-Database/raw/main/AME177a.jpg,chamber,common,AME,https://github.com/zolodio/Avatar-TCG-Database/raw/main/AME177b.jpg,"fox, spirit, light, air",,,,,,,,"STRT001, STRT002, BSTR001, BSTR002, BSTR003, BSTR004",,5,7,1,,,"Penguin Sledding: Whenever your opponent focuses, Penguin Sledding gets -1 Force.",,9,9,,,,"Taming the Unagi: Whenever your opponent focuses, Taming the Unagi gets -2 Force",
178,Aang,https://github.com/zolodio/Avatar-TCG-Database/raw/main/AME178a.jpg,chamber,uncommon,AME,https://github.com/zolodio/Avatar-TCG-Database/raw/main/AME178b.jpg,"fox, spirit, light, air",,,,,,,,"STRT001, STRT002, BSTR001, BSTR002, BSTR003, BSTR004",,5,7,1,,,"Penguin Sledding: Whenever your opponent focuses, Penguin Sledding gets -1 Force.",,6,6,,,,"Vertigo Dash: When you counterattack, add an energy to each of your zones.",
179,Aang,https://github.com/zolodio/Avatar-TCG-Database/raw/main/AME179a.jpg,chamber,common,AME,https://github.com/zolodio/Avatar-TCG-Database/raw/main/AME179b.jpg,"fox, spirit, light, air",,,,,,,,"STRT001, STRT002, BSTR001, BSTR002, BSTR003, BSTR004",,6,4,,,,"Updraft: When you counterattack, you may rearrange your allies. (You can only have one ally in each of your zones.)",,9,9,,,,"Taming the Unagi: Whenever your opponent focuses, Taming the Unagi gets -2 Force",
180,Aang,https://github.com/zolodio/Avatar-TCG-Database/raw/main/AME180a.jpg,chamber,uncommon,AME,https://github.com/zolodio/Avatar-TCG-Database/raw/main/AME180b.jpg,"fox, spirit, light, air",,,,,,,,"STRT001, STRT002, BSTR001, BSTR002, BSTR003, BSTR004",,6,4,,,,"Updraft: When you counterattack, you may rearrange your allies. (You can only have one ally in each of your zones.)",,6,6,,,,"Vertigo Dash: When you counterattack, add an energy to each of your zones.",
181,Aang,https://github.com/zolodio/Avatar-TCG-Database/raw/main/AME181a.jpg,chamber,rare,AME,https://github.com/zolodio/Avatar-TCG-Database/raw/main/AME181b.jpg,"fox, spirit, light, air",,,,,,,,"STRT001, STRT002, BSTR001, BSTR002, BSTR003, BSTR004",,6,4,,,,"Updraft: When you counterattack, you may rearrange your allies. (You can only have one ally in each of your zones.)",,12,12,,,5,"Avatar State: When you counteratack, eliminate all of your energy.",
182,Katara,https://github.com/zolodio/Avatar-TCG-Database/raw/main/AME182a.jpg,chamber,common,AME,https://github.com/zolodio/Avatar-TCG-Database/raw/main/AME182b.jpg,"lion, mind, light, water",,,,,,,,"STRT001, STRT003, BSTR001, BSTR002, BSTR003, BSTR004",,6,4,1,,,"Arctic Sheath: When you counterattack, charge your yellow zone.",,7,7,,,,"Whirlpool: When you counterattack, charge your yellow zone.",
183,Katara,https://github.com/zolodio/Avatar-TCG-Database/raw/main/AME183a.jpg,chamber,common,AME,https://github.com/zolodio/Avatar-TCG-Database/raw/main/AME183b.jpg,"lion, mind, light, water",,,,,,,,"STRT001, STRT003, BSTR001, BSTR002, BSTR003, BSTR004",,6,4,1,,,"Arctic Sheath: When you counterattack, charge your yellow zone. ",,7,7,,,,"Whirlpool: When you counterattack, charge your yellow zone.",
184,Katara,https://github.com/zolodio/Avatar-TCG-Database/raw/main/AME184a.jpg,chamber,uncommon,AME,https://github.com/zolodio/Avatar-TCG-Database/raw/main/AME184b.jpg,"lion, mind, light, water",,,,,,,,"STRT001, STRT003, BSTR001, BSTR002, BSTR003, BSTR004",,6,4,1,,,"Arctic Sheath: When you counterattack, charge your yellow zone. ",,6,6,1,,,"Geyser Torpedo: When you counter attack, add two red energy.",
185,Katara,https://github.com/zolodio/Avatar-TCG-Database/raw/main/AME185a.jpg,chamber,common,AME,https://github.com/zolodio/Avatar-TCG-Database/raw/main/AME185b.jpg,"lion, mind, light, water",,,,,,,,"STRT001, STRT003, BSTR001, BSTR002, BSTR003, BSTR004",,5,2,,,,"Parting Shot: When you counterattack, add a red energy.",,7,7,,,,"Whirlpool: When you counterattack, charge your yellow zone.",
186,Katara,https://github.com/zolodio/Avatar-TCG-Database/raw/main/AME186a.jpg,chamber,uncommon,AME,https://github.com/zolodio/Avatar-TCG-Database/raw/main/AME186b.jpg,"lion, mind, light, water",,,,,,,,"STRT001, STRT003, BSTR001, BSTR002, BSTR003, BSTR004",,5,2,,,,"Parting Shot: When you counterattack, add a red energy.",,6,6,1,,,Geyser Torpedo: Green cost. Intercept 6.,
187,Katara,https://github.com/zolodio/Avatar-TCG-Database/raw/main/AME187a.jpg,chamber,rare,AME,https://github.com/zolodio/Avatar-TCG-Database/raw/main/AME187b.jpg,"lion, mind, light, water",,,,,,,,"STRT001, STRT003, BSTR001, BSTR002, BSTR003, BSTR004",,5,2,,,,"Parting Shot: When you counterattack, add a red energy.",,6,7,,,,"Double Water Whip: Green → When you counterattack, each player charges one of his or her zones.",
188,King Bumi,https://github.com/zolodio/Avatar-TCG-Database/raw/main/AME188a.jpg,chamber,common,AME,https://github.com/zolodio/Avatar-TCG-Database/raw/main/AME188b.jpg,"bull, body, light, earth",,,,,,,,"STRT001, STRT004, BSTR001, BSTR002, BSTR003, BSTR004",,6,5,1,,,"Omashu Dodgeball: Whenever your opponent focuses, Omashu Dodgeball gets +1 Force.",,7,7,,,,"Stone Heel of the King: Whenever your opponent focuses, Stone Heel of the King gets +1 Force.",
189,King Bumi,https://github.com/zolodio/Avatar-TCG-Database/raw/main/AME189a.jpg,chamber,common,AME,https://github.com/zolodio/Avatar-TCG-Database/raw/main/AME189b.jpg,"bull, body, light, earth",,,,,,,,"STRT001, STRT004, BSTR001, BSTR002, BSTR003, BSTR004",,6,5,1,,,"Omashu Dodgeball: Whenever your opponent focuses, Omashu Dodgeball gets +1 Force.",,7,7,,,,"Stone Heel of the King: Whenever your opponent focuses, Stone Heel of the King gets +1 Force.",
190,King Bumi,https://github.com/zolodio/Avatar-TCG-Database/raw/main/AME190a.jpg,chamber,uncommon,AME,https://github.com/zolodio/Avatar-TCG-Database/raw/main/AME190b.jpg,"bull, body, light, earth",,,,,,,,"STRT001, STRT004, BSTR001, BSTR002, BSTR003, BSTR004",,6,5,1,,,"Omashu Dodgeball: Whenever your opponent focuses, Omashu Dodgeball gets +1 Force.",,6,8,1,,,Scouring-Earth Kick: Green cost. Intercept 6.,
191,King Bumi,https://github.com/zolodio/Avatar-TCG-Database/raw/main/AME191a.jpg,chamber,common,AME,https://github.com/zolodio/Avatar-TCG-Database/raw/main/AME191b.jpg,"bull, body, light, earth",,,,,,,,"STRT001, STRT004, BSTR001, BSTR002, BSTR003, BSTR004",,5,8,2,,,"Shadow of the Boulder: Your opponent's strikes have ""Green → +1 Intercept.""",,7,7,,,,"Stone Heel of the King: Whenever your opponent focuses, Stone Heel of the King gets +1 Force.",
192,King Bumi,https://github.com/zolodio/Avatar-TCG-Database/raw/main/AME192a.jpg,chamber,uncommon,AME,https://github.com/zolodio/Avatar-TCG-Database/raw/main/AME192b.jpg,"bull, body, light, earth",,,,,,,,"STRT001, STRT004, BSTR001, BSTR002, BSTR003, BSTR004",,5,8,2,,,"Shadow of the Boulder: Your opponent's strikes have ""Green → +1 Intercept.""",,6,8,1,,,Scouring-Earth Kick: Your opponent's cards have 'Reflip: Green.',
193,King Bumi,https://github.com/zolodio/Avatar-TCG-Database/raw/main/AME193a.jpg,chamber,rare,AME,https://github.com/zolodio/Avatar-TCG-Database/raw/main/AME193b.jpg,"bull, body, light, earth",,,,,,,,"STRT001, STRT004, BSTR001, BSTR002, BSTR003, BSTR004",,5,8,2,,,"Shadow of the Boulder: Your opponent's strikes have ""Green → +1 Intercept.""",,6,6,,1,,"Shock Wave: Whenever your opponent plays a card in a zone, eliminate  an energy in that zone.",
194,Jojo,https://github.com/zolodio/Avatar-TCG-Database/raw/main/AME194a.jpg,chamber,common,AME,https://github.com/zolodio/Avatar-TCG-Database/raw/main/AME194b.jpg,"fox, spirit, shadow, earth",,,,,,,,"STRT001, STRT005, BSTR001, BSTR002, BSTR003, BSTR004",,6,2,,,,"Bucking Earth: When you counterattack, you may move an ally to the top of its owner's deck.",,6,6,,,,"Rockslide: Yellow → When you couunterattack, move an ally to the top of its owner's deck.",
195,Jojo,https://github.com/zolodio/Avatar-TCG-Database/raw/main/AME195a.jpg,chamber,common,AME,https://github.com/zolodio/Avatar-TCG-Database/raw/main/AME195b.jpg,"fox, spirit, shadow, earth",,,,,,,,"STRT001, STRT005, BSTR001, BSTR002, BSTR003, BSTR004",,6,2,,,,"Bucking Earth: When you counterattack, you may move an ally to the top of its owner's deck.",,6,6,,,,"Rockslide: Yellow → When you couunterattack, move an ally to the top of its owner's deck.",
196,Jojo,https://github.com/zolodio/Avatar-TCG-Database/raw/main/AME196a.jpg,chamber,uncommon,AME,https://github.com/zolodio/Avatar-TCG-Database/raw/main/AME196b.jpg,"fox, spirit, shadow, earth",,,,,,,,"STRT001, STRT005, BSTR001, BSTR002, BSTR003, BSTR004",,6,2,,,,"Bucking Earth: When you counterattack, you may move an ally to the top of its owner's deck.",,5,7,,1,,"Massive Meteor: When you counterattack, eliminate one of your opponent's energy and you add a red energy.",
197,Jojo,https://github.com/zolodio/Avatar-TCG-Database/raw/main/AME197a.jpg,chamber,common,AME,https://github.com/zolodio/Avatar-TCG-Database/raw/main/AME197b.jpg,"fox, spirit, shadow, earth",,,,,,,,"STRT001, STRT005, BSTR001, BSTR002, BSTR003, BSTR004",,5,4,,,,"Boulder Burst: When you counterattack, your opponent eliminates one of his or her energy, and you add a green energy.",,6,6,,,,"Rockslide: Yellow → When you couunterattack, move an ally to the top of its owner's deck.",
198,Jojo,https://github.com/zolodio/Avatar-TCG-Database/raw/main/AME198a.jpg,chamber,uncommon,AME,https://github.com/zolodio/Avatar-TCG-Database/raw/main/AME198b.jpg,"fox, spirit, shadow, earth",,,,,,,,"STRT001, STRT005, BSTR001, BSTR002, BSTR003, BSTR004",,5,4,,,,"Boulder Burst: When you counterattack, your opponent eliminates one of his or her energy, and you add a green energy.",,5,7,,1,,"Massive Meteor: When you counterattack, eliminate one of your opponent's energy and you add a red energy.",
199,Jojo,https://github.com/zolodio/Avatar-TCG-Database/raw/main/AME199a.jpg,chamber,rare,AME,https://github.com/zolodio/Avatar-TCG-Database/raw/main/AME199b.jpg,"fox, spirit, shadow, earth",,,,,,,,"STRT001, STRT005, BSTR001, BSTR002, BSTR003, BSTR004",,5,4,,,,"Boulder Burst: When you counterattack, your opponent eliminates one of his or her energy, and you add a green energy.",,7,7,,,,"Beguiling Kiss: Whenever your opponent focuses in a zone, you add an energy of the same color in that zone.",
200,Malu,https://github.com/zolodio/Avatar-TCG-Database/raw/main/AME200a.jpg,chamber,common,AME,https://github.com/zolodio/Avatar-TCG-Database/raw/main/AME200b.jpg,"lion, body, shadow, air",,,,,,,,"STRT001, STRT006, BSTR001, BSTR002, BSTR003, BSTR004",,5,5,1,,,Blustery Blast: Your opponent skips defending in his or her green zone.,,5,5,1,,,Shrieking Wind: Your opponent skips defending in his or her green zone.,
201,Malu,https://github.com/zolodio/Avatar-TCG-Database/raw/main/AME201a.jpg,chamber,common,AME,https://github.com/zolodio/Avatar-TCG-Database/raw/main/AME201b.jpg,"lion, body, shadow, air",,,,,,,,"STRT001, STRT006, BSTR001, BSTR002, BSTR003, BSTR004",,5,5,1,,,Blustery Blast: Your opponent skips defending in his or her green zone.,,5,5,1,,,Shrieking Wind: Your opponent skips defending in his or her green zone.,
202,Malu,https://github.com/zolodio/Avatar-TCG-Database/raw/main/AME202a.jpg,chamber,uncommon,AME,https://github.com/zolodio/Avatar-TCG-Database/raw/main/AME202b.jpg,"lion, body, shadow, air",,,,,,,,"STRT001, STRT006, BSTR001, BSTR002, BSTR003, BSTR004",,5,5,1,,,Blustery Blast: Your opponent skips defending in his or her green zone.,,9,0,,1,,"Slingshot Stream: When you counterattack, Slingshot Stream gets +X Force, where X is the Force of your opponent's strike.",
203,Malu,https://github.com/zolodio/Avatar-TCG-Database/raw/main/AME203a.jpg,chamber,common,AME,https://github.com/zolodio/Avatar-TCG-Database/raw/main/AME203b.jpg,"lion, body, shadow, air",,,,,,,,"STRT001, STRT006, BSTR001, BSTR002, BSTR003, BSTR004",,8,3,,,,Treetop Hop: No additional rules text.,,5,5,1,,,Shrieking Wind: Your opponent skips defending in his or her green zone.,
204,Malu,https://github.com/zolodio/Avatar-TCG-Database/raw/main/AME204a.jpg,chamber,uncommon,AME,https://github.com/zolodio/Avatar-TCG-Database/raw/main/AME204b.jpg,"lion, body, shadow, air",,,,,,,,"STRT001, STRT006, BSTR001, BSTR002, BSTR003, BSTR004",,8,3,,,,Treetop Hop: No additional rules text.,,9,0,,1,,"Slingshot Stream: When you counterattack, Slingshot Stream gets +X Force, where X is the Force of your opponent's strike.",
205,Malu,https://github.com/zolodio/Avatar-TCG-Database/raw/main/AME205a.jpg,chamber,rare,AME,https://github.com/zolodio/Avatar-TCG-Database/raw/main/AME205b.jpg,"lion, body, shadow, air",,,,,,,,"STRT001, STRT006, BSTR001, BSTR002, BSTR003, BSTR004",,8,3,,,,Treetop Hop: No additional rules text.,,4,4,,,,Ankle-Breaking Gust: Yellow → +1 Force,
206,Prince Zuko,https://github.com/zolodio/Avatar-TCG-Database/raw/main/AME206a.jpg,chamber,common,AME,https://github.com/zolodio/Avatar-TCG-Database/raw/main/AME206b.jpg,"bull, spirit, shadow, fire",,,,,,,,"STRT001, STRT007, BSTR001, BSTR002, BSTR003, BSTR004",,6,1,1,,,"Meltdown: When you counterattack, you may eliminate an energy.",,9,7,,,,Night of Flames: No additional rules text.,
207,Prince Zuko,https://github.com/zolodio/Avatar-TCG-Database/raw/main/AME207a.jpg,chamber,common,AME,https://github.com/zolodio/Avatar-TCG-Database/raw/main/AME207b.jpg,"bull, spirit, shadow, fire",,,,,,,,"STRT001, STRT007, BSTR001, BSTR002, BSTR003, BSTR004",,6,1,1,,,"Meltdown: When you counterattack, you may eliminate an energy.",,9,7,,,,Night of Flames: No additional rules text.,
208,Prince Zuko,https://github.com/zolodio/Avatar-TCG-Database/raw/main/AME208a.jpg,chamber,uncommon,AME,https://github.com/zolodio/Avatar-TCG-Database/raw/main/AME208b.jpg,"bull, spirit, shadow, fire",,,,,,,,"STRT001, STRT007, BSTR001, BSTR002, BSTR003, BSTR004",,6,1,1,,,"Meltdown: When you counterattack, you may eliminate an energy.",,7,4,,,,"Immolating Spiral: When  you counterattack, you may eliminate up to two energy.",
209,Prince Zuko,https://github.com/zolodio/Avatar-TCG-Database/raw/main/AME209a.jpg,chamber,common,AME,https://github.com/zolodio/Avatar-TCG-Database/raw/main/AME209b.jpg,"bull, spirit, shadow, fire",,,,,,,,"STRT001, STRT007, BSTR001, BSTR002, BSTR003, BSTR004",,6,5,2,,,"Burning in Exile: When you counterattack, you may uncharge any zone.",,9,7,,,,Night of Flames: No additional rules text.,
210,Prince Zuko,https://github.com/zolodio/Avatar-TCG-Database/raw/main/AME210a.jpg,chamber,uncommon,AME,https://github.com/zolodio/Avatar-TCG-Database/raw/main/AME210b.jpg,"bull, spirit, shadow, fire",,,,,,,,"STRT001, STRT007, BSTR001, BSTR002, BSTR003, BSTR004",,6,5,2,,,"Burning in Exile: When you counterattack, you may uncharge any zone.",,7,4,,,,"Immolating Spiral: When  you counterattack, you may eliminate up to two energy.",
211,Prince Zuko,https://github.com/zolodio/Avatar-TCG-Database/raw/main/AME211a.jpg,chamber,rare,AME,https://github.com/zolodio/Avatar-TCG-Database/raw/main/AME211b.jpg,"bull, spirit, shadow, fire",,,,,,,,"STRT001, STRT007, BSTR001, BSTR002, BSTR003, BSTR004",,6,5,2,,,"Burning in Exile: When you counterattack, you may uncharge any zone.",,6,7,1,,,"Burning Spire: When you counterattack, uncharge all of your opponent's zones.",
212,Uncle Iroh,https://github.com/zolodio/Avatar-TCG-Database/raw/main/AME212a.jpg,chamber,common,AME,https://github.com/zolodio/Avatar-TCG-Database/raw/main/AME212b.jpg,"fox, mind, shadow, fire",,,,,,,,"STRT001, STRT008, BSTR001, BSTR002, BSTR003, BSTR004",,5,5,,,,"Firecrackers: While your opponent is defending, his or her zones cannot be charged.",,8,7,1,,,"Smokescreen: When you counterattack, look at the top three cards of your deck. Put  them back in any order.",
213,Uncle Iroh,https://github.com/zolodio/Avatar-TCG-Database/raw/main/AME213a.jpg,chamber,common,AME,https://github.com/zolodio/Avatar-TCG-Database/raw/main/AME213b.jpg,"fox, mind, shadow, fire",,,,,,,,"STRT001, STRT008, BSTR001, BSTR002, BSTR003, BSTR004",,5,5,,,,"Firecrackers: While your opponent is defending, his or her zones cannot be charged.",,8,7,1,,,"Smokescreen: When you counterattack, look at the top three cards of your deck. Put  them back in any order.",
214,Uncle Iroh,https://github.com/zolodio/Avatar-TCG-Database/raw/main/AME214a.jpg,chamber,uncommon,AME,https://github.com/zolodio/Avatar-TCG-Database/raw/main/AME214b.jpg,"fox, mind, shadow, fire",,,,,,,,"STRT001, STRT008, BSTR001, BSTR002, BSTR003, BSTR004",,5,5,,,,"Firecrackers: While your opponent is defending, his or her zones cannot be charged.",,5,7,,,,"Suppressing Fire: Your opponent cannot focus or pitch, and while defending, his or her zones cannot be charged.",
215,Uncle Iroh,https://github.com/zolodio/Avatar-TCG-Database/raw/main/AME215a.jpg,chamber,common,AME,https://github.com/zolodio/Avatar-TCG-Database/raw/main/AME215b.jpg,"fox, mind, shadow, fire",,,,,,,,"STRT001, STRT008, BSTR001, BSTR002, BSTR003, BSTR004",,6,6,2,,,"Unchained: When you counterattack, look at the top two cards of your deck.",,8,7,1,,,"Smokescreen: When you counterattack, look at the top three cards of your deck. Put  them back in any order.",
216,Uncle Iroh,https://github.com/zolodio/Avatar-TCG-Database/raw/main/AME216a.jpg,chamber,uncommon,AME,https://github.com/zolodio/Avatar-TCG-Database/raw/main/AME216b.jpg,"fox, mind, shadow, fire",,,,,,,,"STRT001, STRT008, BSTR001, BSTR002, BSTR003, BSTR004",,6,6,2,,,"Unchained: When you counterattack, look at the top two cards of your deck.",,5,7,,,,"Suppressing Fire: Your opponent cannot focus or pitch, and while defending, his or her zones cannot be charged.",
217,Uncle Iroh,https://github.com/zolodio/Avatar-TCG-Database/raw/main/AME217a.jpg,chamber,rare,AME,https://github.com/zolodio/Avatar-TCG-Database/raw/main/AME217b.jpg,"fox, mind, shadow, fire",,,,,,,,"STRT001, STRT008, BSTR001, BSTR002, BSTR003, BSTR004",,6,6,2,,,"Unchained: When you counterattack, look at the top two cards of your deck.",,6,5,,1,,"Rain of Fire: Whenever your opponent flips a card, you may pay a green energy. If you do, your opponent discards that card and flips a new one in the same zone.",
218,Afiko,https://github.com/zolodio/Avatar-TCG-Database/raw/main/AME218a.jpg,chamber,common,AME,https://github.com/zolodio/Avatar-TCG-Database/raw/main/AME218b.jpg,"lion, spirit, dark, air",,,,,,,,"STRT001, STRT009, BSTR001, BSTR002, BSTR003, BSTR004",,7,4,,,,Reaping Wind: No additional rules text.,,7,7,,,,"Suffocating Void: -2 Intercept → When you counterattack, charge or uncharge any zone.",
219,Afiko,https://github.com/zolodio/Avatar-TCG-Database/raw/main/AME219a.jpg,chamber,common,AME,https://github.com/zolodio/Avatar-TCG-Database/raw/main/AME219b.jpg,"lion, spirit, dark, air",,,,,,,,"STRT001, STRT009, BSTR001, BSTR002, BSTR003, BSTR004",,7,4,,,,Reaping Wind: No additional rules text.,,7,7,,,,"Suffocating Void: -2 Intercept → When you counterattack, charge or uncharge any zone.",
220,Afiko,https://github.com/zolodio/Avatar-TCG-Database/raw/main/AME220a.jpg,chamber,uncommon,AME,https://github.com/zolodio/Avatar-TCG-Database/raw/main/AME220b.jpg,"lion, spirit, dark, air",,,,,,,,"STRT001, STRT009, BSTR001, BSTR002, BSTR003, BSTR004",,7,4,,,,Reaping Wind: No additional rules text.,,6,7,,1,,"Storms Without End: When you clean up Storms Without End, leave your Chamber Card turned to the back.",
221,Afiko,https://github.com/zolodio/Avatar-TCG-Database/raw/main/AME221a.jpg,chamber,common,AME,https://github.com/zolodio/Avatar-TCG-Database/raw/main/AME221b.jpg,"lion, spirit, dark, air",,,,,,,,"STRT001, STRT009, BSTR001, BSTR002, BSTR003, BSTR004",,5,6,1,,,"Tornado Punch: -2 Intercept → When you counterattack, charge or uncharge any zone. Use only once.",,7,7,,,,"Suffocating Void: -2 Intercept → When you counterattack, charge or uncharge any zone.",
222,Afiko,https://github.com/zolodio/Avatar-TCG-Database/raw/main/AME222a.jpg,chamber,uncommon,AME,https://github.com/zolodio/Avatar-TCG-Database/raw/main/AME222b.jpg,"lion, spirit, dark, air",,,,,,,,"STRT001, STRT009, BSTR001, BSTR002, BSTR003, BSTR004",,5,6,1,,,"Tornado Punch: -2 Intercept → When you counterattack, charge or uncharge any zone. Use only once.",,6,7,,1,,"Storms Without End: When you clean up Storms Without End, leave your Chamber Card turned to the back.",
223,Afiko,https://github.com/zolodio/Avatar-TCG-Database/raw/main/AME223a.jpg,chamber,rare,AME,https://github.com/zolodio/Avatar-TCG-Database/raw/main/AME223b.jpg,"lion, spirit, dark, air",,,,,,,,"STRT001, STRT009, BSTR001, BSTR002, BSTR003, BSTR004",,5,6,1,,,"Tornado Punch: -2 Intercept → When you counterattack, charge or uncharge any zone. Use only once.",,9,6,1,,,"Dark Tempest: Eliminate one of your allys → When you counterattack, your opponent charges one of your zones.",
224,Commander Zhao,https://github.com/zolodio/Avatar-TCG-Database/raw/main/AME224a.jpg,chamber,common,AME,https://github.com/zolodio/Avatar-TCG-Database/raw/main/AME224b.jpg,"bull, mind, dark, fire",,,,,,,,"STRT001, STRT010, BSTR001, BSTR002, BSTR003, BSTR004",,5,4,,,,"No Mercy for the Weak: When you counterattack against a strike that has 3 Force or less, No Mercy for the Weak gets +3 Force.",,6,6,1,,,"Open Fire!: When you counterattack against a strikek that has 3 Force or less, Open Fire! gets +3 Force.",
225,Commander Zhao,https://github.com/zolodio/Avatar-TCG-Database/raw/main/AME225a.jpg,chamber,common,AME,https://github.com/zolodio/Avatar-TCG-Database/raw/main/AME225b.jpg,"bull, mind, dark, fire",,,,,,,,"STRT001, STRT010, BSTR001, BSTR002, BSTR003, BSTR004",,5,4,,,,"No Mercy for the Weak: When you counterattack against a strike that has 3 Force or less, No Mercy for the Weak gets +3 Force.",,6,6,1,,,"Open Fire!: When you counterattack against a strikek that has 3 Force or less, Open Fire! gets +3 Force.",
226,Commander Zhao,https://github.com/zolodio/Avatar-TCG-Database/raw/main/AME226a.jpg,chamber,uncommon,AME,https://github.com/zolodio/Avatar-TCG-Database/raw/main/AME226b.jpg,"bull, mind, dark, fire",,,,,,,,"STRT001, STRT010, BSTR001, BSTR002, BSTR003, BSTR004",,5,4,,,,"No Mercy for the Weak: When you counterattack against a strike that has 3 Force or less, No Mercy for the Weak gets +3 Force.",,7,6,,,,"Roaring Sphere: Green → When you counterattack, eliminate an ally.",
227,Commander Zhao,https://github.com/zolodio/Avatar-TCG-Database/raw/main/AME227a.jpg,chamber,common,AME,https://github.com/zolodio/Avatar-TCG-Database/raw/main/AME227b.jpg,"bull, mind, dark, fire",,,,,,,,"STRT001, STRT010, BSTR001, BSTR002, BSTR003, BSTR004",,6,6,,,1,"Fiery Lash: When you counterattack, you may eliminate an ally.",,6,6,1,,,"Open Fire!: When you counterattack against a strikek that has 3 Force or less, Open Fire! gets +3 Force.",
228,Commander Zhao,https://github.com/zolodio/Avatar-TCG-Database/raw/main/AME228a.jpg,chamber,uncommon,AME,https://github.com/zolodio/Avatar-TCG-Database/raw/main/AME228b.jpg,"bull, mind, dark, fire",,,,,,,,"STRT001, STRT010, BSTR001, BSTR002, BSTR003, BSTR004",,6,6,,,1,"Fiery Lash: When you counterattack, you may eliminate an ally.",,7,6,,,,"Roaring Sphere: Green → When you counterattack, eliminate an ally.",
229,Commander Zhao,https://github.com/zolodio/Avatar-TCG-Database/raw/main/AME229a.jpg,chamber,rare,AME,https://github.com/zolodio/Avatar-TCG-Database/raw/main/AME229b.jpg,"bull, mind, dark, fire",,,,,,,,"STRT001, STRT010, BSTR001, BSTR002, BSTR003, BSTR004",,6,6,,,1,"Fiery Lash: When you counterattack, you may eliminate an ally.",,6,6,,1,,Agni Kai: Eliminate one of your allies → +1 Force,
230,Kinto,https://github.com/zolodio/Avatar-TCG-Database/raw/main/AME230a.jpg,chamber,common,AME,https://github.com/zolodio/Avatar-TCG-Database/raw/main/AME230b.jpg,"fox, body, dark, water",,,,,,,,"STRT001, STRT011, BSTR001, BSTR002, BSTR003, BSTR004",,6,2,,,,Gutwrencher: Your opponent's strikes cost an additional yellow energy to play.,,6,7,,,,Splash Rockets: Green → +1 Intercept,
231,Kinto,https://github.com/zolodio/Avatar-TCG-Database/raw/main/AME231a.jpg,chamber,common,AME,https://github.com/zolodio/Avatar-TCG-Database/raw/main/AME231b.jpg,"fox, body, dark, water",,,,,,,,"STRT001, STRT011, BSTR001, BSTR002, BSTR003, BSTR004",,6,2,,,,Gutwrencher: Your opponent's strikes cost an additional yellow energy to play.,,6,7,,,,Splash Rockets: Green → +1 Intercept,
232,Kinto,https://github.com/zolodio/Avatar-TCG-Database/raw/main/AME232a.jpg,chamber,uncommon,AME,https://github.com/zolodio/Avatar-TCG-Database/raw/main/AME232b.jpg,"fox, body, dark, water",,,,,,,,"STRT001, STRT011, BSTR001, BSTR002, BSTR003, BSTR004",,6,2,,,,Gutwrencher: Your opponent's strikes cost an additional yellow energy to play.,,8,6,,,,Avalanche: -2 Intercept → Your opponent's strikes cost and additional yellow energy to play.,
233,Kinto,https://github.com/zolodio/Avatar-TCG-Database/raw/main/AME233a.jpg,chamber,common,AME,https://github.com/zolodio/Avatar-TCG-Database/raw/main/AME233b.jpg,"fox, body, dark, water",,,,,,,,"STRT001, STRT011, BSTR001, BSTR002, BSTR003, BSTR004",,8,0,1,,,Steam Blast: -1 Intercept → +1 Force.,,6,7,,,,Splash Rockets: Green → +1 Intercept,
234,Kinto,https://github.com/zolodio/Avatar-TCG-Database/raw/main/AME234a.jpg,chamber,uncommon,AME,https://github.com/zolodio/Avatar-TCG-Database/raw/main/AME234b.jpg,"fox, body, dark, water",,,,,,,,"STRT001, STRT011, BSTR001, BSTR002, BSTR003, BSTR004",,8,0,1,,,Steam Blast: -1 Intercept → +1 Force.,,8,6,,,,Avalanche: -2 Intercept → Your opponent's strikes cost and additional yellow energy to play.,
235,Kinto,https://github.com/zolodio/Avatar-TCG-Database/raw/main/AME235a.jpg,chamber,rare,AME,https://github.com/zolodio/Avatar-TCG-Database/raw/main/AME235b.jpg,"fox, body, dark, water",,,,,,,,"STRT001, STRT011, BSTR001, BSTR002, BSTR003, BSTR004",,8,0,1,,,Steam Blast: -1 Intercept → +1 Force.,,12,0,,2,,High Seas: -1 Intercept → +1 Force.,
ABK001,"Toph, earthbender",https://github.com/zolodio/Avatar-TCG-Database/raw/main/abk001.jpg,ally,PROMO,ABK,https://github.com/zolodio/Avatar-TCG-Database/raw/main/cardback.jpg,light,,,,,,,,XBK001,"Toph, earthbender is a promo card from 2006 available exclusively as a promotional item from Burger King. Although intended to be paired with the Stack Attack Toph toy, a mishap at the packaging facility caused a random distribution of cards throughout all the toys.",,,,,,,,,,,,,,
ABK002,"Princess Azula, firebender",https://github.com/zolodio/Avatar-TCG-Database/raw/main/abk002.jpg,ally,PROMO,ABK,https://github.com/zolodio/Avatar-TCG-Database/raw/main/cardback.jpg,dark,,,,,,,,XBK002,"Princess Azula, firebender is a promo card from 2006 available exclusively as a promotional item from Burger King. Although intended to be paired with the Lava Launch Azula toy, a mishap at the packaging facility caused a random distribution of cards throughout all the toys.",,,,,,,,,,,,,,
ABK003,Racing with the Wind,https://github.com/zolodio/Avatar-TCG-Database/raw/main/abk003.jpg,advantage,PROMO,ABK,https://github.com/zolodio/Avatar-TCG-Database/raw/main/cardback.jpg,spirit,,,,,,,,XBK003,"Racing with the Wind is a promo card from 2006 available exclusively as a promotional item from Burger King. Although intended to be paired with the Air Scooter Aang toy, a mishap at the packaging facility caused a random distribution of cards throughout all the toys.",,,,,,,,,,,,,,
ABK004,In The Breach,https://github.com/zolodio/Avatar-TCG-Database/raw/main/abk004.jpg,advantage,PROMO,ABK,https://github.com/zolodio/Avatar-TCG-Database/raw/main/cardback.jpg,body,,,,,,,,XBK004,"In The Breach is a promo card from 2006 available exclusively as a promotional item from Burger King. Although intended to be paired with the Rip 'n Whirl Sokka toy, a mishap at the packaging facility caused a random distribution of cards throughout all the toys.",,,,,,,,,,,,,,
ABK005,Juggle,https://github.com/zolodio/Avatar-TCG-Database/raw/main/abk005.jpg,strike,PROMO,ABK,https://github.com/zolodio/Avatar-TCG-Database/raw/main/cardback.jpg,air,5,6,,,,,,XBK005,"Juggle is a promo card from 2006 available exclusively as a promotional item from Burger King. Although intended to be paired with the Master Airbender toy, a mishap at the packaging facility caused a random distribution of cards throughout all the toys.",,,,,,,,,,,,,,
ABK006,Taming the Flame,https://github.com/zolodio/Avatar-TCG-Database/raw/main/abk006.jpg,strike,PROMO,ABK,https://github.com/zolodio/Avatar-TCG-Database/raw/main/cardback.jpg,fire,6,5,,,,,,XBK006,"Taming the Flame is a promo card from 2006 available exclusively as a promotional item from Burger King. Although intended to be paired with the Flame Tame Zuko toy, a mishap at the packaging facility caused a random distribution of cards throughout all the toys.",,,,,,,,,,,,,,
ABK007,Water Whirl,https://github.com/zolodio/Avatar-TCG-Database/raw/main/abk007.jpg,strike,PROMO,ABK,https://github.com/zolodio/Avatar-TCG-Database/raw/main/cardback.jpg,water,7,1,,,,,,XBK007,"Water Whirl, earthbender is a promo card from 2006 available exclusively as a promotional item from Burger King. Although intended to be paired with the Water Swirl Katara toy, a mishap at the packaging facility caused a random distribution of cards throughout all the toys.",,,,,,,,,,,,,,
ABK008,Boulder Roll,https://github.com/zolodio/Avatar-TCG-Database/raw/main/abk008.jpg,strike,PROMO,ABK,https://github.com/zolodio/Avatar-TCG-Database/raw/main/cardback.jpg,earth,5,5,,,,,,XBK008,"Boulder Roll is a promo card from 2006 available exclusively as a promotional item from Burger King. Although intended to be paired with the Stack Attack Toph toy, a mishap at the packaging facility caused a random distribution of cards throughout all the toys.",,,,,,,,,,,,,,
APR001,Appa's Wild Ride,https://github.com/zolodio/Avatar-TCG-Database/raw/main/apr001.jpg,advantage,PROMO,APR,https://github.com/zolodio/Avatar-TCG-Database/raw/main/cardback.jpg,,,,,,,,,"XAPR001, XDVD001","One of only two holographic cards in the set, Appa's Wild Ride is a promo card from 2006 available exclusively as a promotional item from Nickelodeon. Released as a limited run, only the first issued release of Book 1 - Vol 1 on DVD in the USA included the sealed promo card. This card sealed is more valuable to collectors than loose.",,,,,,,,,,,,,,
APR002,Sokka's Mettle,https://github.com/zolodio/Avatar-TCG-Database/raw/main/apr002.jpg,strike,PROMO,APR,https://github.com/zolodio/Avatar-TCG-Database/raw/main/cardback.jpg,,5,5,,,,,,"XAPR002, XDVD002","One of only two holographic cards in the set, Sokka's Mettle is a promo card from 2006 available exclusively as a promotional item from Nickelodeon. Released as a limited run, only the first issued release of Book 1 - Vol 2 on DVD in the USA included the sealed promo card. This card sealed is more valuable to collectors than loose.",,,,,,,,,,,,,,
FPR001,Air Cannon Aang,https://github.com/zolodio/Avatar-TCG-Database/raw/main/fpr001a.jpg,chamber,PROMO,FPR,https://github.com/zolodio/Avatar-TCG-Database/raw/main/fpr001b.jpg,"fox, spirit, light, air",,,,,,,,H9748,,5,5,1,,,"Airball Practice: When you counterattack, you may search your deck for an ally card named Appa. You may put that card in any empty ally space.",,6,8,,1,,Air Cannon Riposte: No additional rules text.,
FPR002,Fire Blast Zuko,https://github.com/zolodio/Avatar-TCG-Database/raw/main/fpr002a.jpg,chamber,PROMO,FPR,https://github.com/zolodio/Avatar-TCG-Database/raw/main/fpr002b.jpg,"bull, spirit, shadow, fire",,,,,,,,H9749,,6,5,,,,"Target Practice: When you counterattack, you may eliminate an ally.",,7,7,,,,"Fire Blask Snap-Kick: When you counterattack, you may eliminate all of your opponent's allies.",
FPR003,Ice Attack Aang,https://github.com/zolodio/Avatar-TCG-Database/raw/main/fpr003a.jpg,chamber,PROMO,FPR,https://github.com/zolodio/Avatar-TCG-Database/raw/main/fpr003b.jpg,"fox, spirit, light, water",,,,,,,,K3474,,6,4,,,,"Geyser Kick: When you counterattack, each player charges his or her red zone.",,8,7,1,,,"Ice Hammer: When you counterattack, each player chooses one of his zones. Charge that zone.",
XAPR001,Appa's Wild Ride in Plastic,https://github.com/zolodio/Avatar-TCG-Database/raw/main/XAPR001.jpg,sealed,other,APR,https://github.com/zolodio/Avatar-TCG-Database/raw/main/APR00Xb.jpg,,,,,,,,,XDVD001,"SEALED - One of only two holographic cards in the set, Appa's Wild Ride is a promo card from 2006 available exclusively as a promotional item from Nickelodeon. Released as a limited run, only the first issued release of Book 1 - Vol 1 on DVD in the USA included the sealed promo card. This card sealed is more valuable to collectors than loose.",,,,,,,,,,,,,,
XAPR002,Sokka's Mettle in Plastic,https://github.com/zolodio/Avatar-TCG-Database/raw/main/XAPR002.jpg,sealed,other,APR,https://github.com/zolodio/Avatar-TCG-Database/raw/main/APR00Xb.jpg,,,,,,,,,XDVD002,"SEALED - One of only two holographic cards in the set, Sokka's Mettle is a promo card from 2006 available exclusively as a promotional item from Nickelodeon. Released as a limited run, only the first issued release of Book 1 - Vol 2 on DVD in the USA included the sealed promo card. This card sealed is more valuable to collectors than loose.",,,,,,,,,,,,,,
XBK001,Stack Attack Toph,https://github.com/zolodio/Avatar-TCG-Database/raw/main/XBK001.jpg,sealed,other,ABK,https://github.com/zolodio/Avatar-TCG-Database/raw/main/BKTOYBACK.jpg,,,,,,,,,Burger King Exclusive,"Stack Attack Toph is a toy containing a promo card available exclusively as a promotional item from Burger King in 2006. Although intended to be paired with the Toph, earthbender card, a mishap at the packaging facility caused a random distribution of cards throughout all the toys. Sealed toys with matching cards hold the higher value from collectors than those mismatched or opened.",,,,,,,,,,,,,,
XBK002,Lava Launch Azula,https://github.com/zolodio/Avatar-TCG-Database/raw/main/XBK002.jpg,sealed,other,ABK,https://github.com/zolodio/Avatar-TCG-Database/raw/main/BKTOYBACK.jpg,,,,,,,,,Burger King Exclusive,"Lava Launch Azula is a toy containing a promo card available exclusively as a promotional item from Burger King in 2006.  Although intended to be paired with the Princess Azula, firebender card, a mishap at the packaging facility caused a random distribution of cards throughout all the toys. Sealed toys with matching cards hold the higher value from collectors than those mismatched or opened.",,,,,,,,,,,,,,
XBK003,Air Scooter Aang,https://github.com/zolodio/Avatar-TCG-Database/raw/main/XBK003.jpg,sealed,other,ABK,https://github.com/zolodio/Avatar-TCG-Database/raw/main/BKTOYBACK.jpg,,,,,,,,,Burger King Exclusive,"Air Scooter Aang is a toy containing a promo card available exclusively as a promotional item from Burger King in 2006.  Although intended to be paired with the Racing with the Wind card, a mishap at the packaging facility caused a random distribution of cards throughout all the toys. Sealed toys with matching cards hold the higher value from collectors than those mismatched or opened.",,,,,,,,,,,,,,
XBK004,Rip 'n Whirl Sokka,https://github.com/zolodio/Avatar-TCG-Database/raw/main/XBK004.jpg,sealed,other,ABK,https://github.com/zolodio/Avatar-TCG-Database/raw/main/BKTOYBACK.jpg,,,,,,,,,Burger King Exclusive,"Rip 'n Whirl Sokka is a toy containing a promo card available exclusively as a promotional item from Burger King in 2006.  Although intended to be paired with the In The Breach card, a mishap at the packaging facility caused a random distribution of cards throughout all the toys. Sealed toys with matching cards hold the higher value from collectors than those mismatched or opened.",,,,,,,,,,,,,,
XBK005,Master Airbender,https://github.com/zolodio/Avatar-TCG-Database/raw/main/XBK005.jpg,sealed,other,ABK,https://github.com/zolodio/Avatar-TCG-Database/raw/main/BKTOYBACK.jpg,,,,,,,,,Burger King Exclusive,"Master Airbender is a toy containing a promo card available exclusively as a promotional item from Burger King in 2006.  Although intended to be paired with the Juggle card, a mishap at the packaging facility caused a random distribution of cards throughout all the toys. Sealed toys with matching cards hold the higher value from collectors than those mismatched or opened.",,,,,,,,,,,,,,
XBK006,Flame Tame Zuko,https://github.com/zolodio/Avatar-TCG-Database/raw/main/XBK006.jpg,sealed,other,ABK,https://github.com/zolodio/Avatar-TCG-Database/raw/main/BKTOYBACK.jpg,,,,,,,,,Burger King Exclusive,"Flame Tame Zuko is a toy containing a promo card available exclusively as a promotional item from Burger King in 2006.  Although intended to be paired with the Taming the Flame card, a mishap at the packaging facility caused a random distribution of cards throughout all the toys. Sealed toys with matching cards hold the higher value from collectors than those mismatched or opened.",,,,,,,,,,,,,,
XBK007,Water Swirl Katara,https://github.com/zolodio/Avatar-TCG-Database/raw/main/XBK007.jpg,sealed,other,ABK,https://github.com/zolodio/Avatar-TCG-Database/raw/main/BKTOYBACK.jpg,,,,,,,,,Burger King Exclusive,"Water Swirl Katara is a toy containing a promo card available exclusively as a promotional item from Burger King in 2006.  Although intended to be paired with the Water Whirl card, a mishap at the packaging facility caused a random distribution of cards throughout all the toys. Sealed toys with matching cards hold the higher value from collectors than those mismatched or opened.",,,,,,,,,,,,,,
XBK008,Boulder Roll,https://github.com/zolodio/Avatar-TCG-Database/raw/main/XBK008.jpg,sealed,other,ABK,https://github.com/zolodio/Avatar-TCG-Database/raw/main/BKTOYBACK.jpg,,,,,,,,,Burger King Exclusive,"Boulder Roll is a toy containing a promo card available exclusively as a promotional item from Burger King in 2006.  Although intended to be paired with the Boulder Roll card, a mishap at the packaging facility caused a random distribution of cards throughout all the toys. Sealed toys with matching cards hold the higher value from collectors than those mismatched or opened.",,,,,,,,,,,,,,
XDVD001,DVD - Book 1 Volume 1,https://github.com/zolodio/Avatar-TCG-Database/raw/main/XDVD001.jpg,sealed,other,APR,https://github.com/zolodio/Avatar-TCG-Database/raw/main/XDVD001b.jpg,,,,,,,,,,"Released as a limited run in January 2006, only the first issued release of Book 1 - Volume 1 on DVD in the USA included the Appa's Wild Ride promo card from 2006 available exclusively as a promotional item from Nickelodeon -- one of only two holographic cards in the set. The first issued release of the Sealed Book 1 - Volume 1 can be distinguished from other versions by a sticker stating ""Includes Chapters 1 - 4 | Limited Edition Exclusive Card From The Avatar Trading Card Game Inside!""",,,,,,,,,,,,,,
XDVD002,DVD - Book 1 Volume 2,https://github.com/zolodio/Avatar-TCG-Database/raw/main/XDVD002.jpg,sealed,other,APR,https://github.com/zolodio/Avatar-TCG-Database/raw/main/XDVD002b.jpg,,,,,,,,,,"Released as a limited run in March 2006, only the first issued release of Book 1 - Volume 2 on DVD in the USA included the Sokka's Mettle promo card from 2006 available exclusively as a promotional item from Nickelodeon -- one of only two holographic cards in the set. The first issued release of the Sealed Book 1 - Volume 2 can be distinguished from other versions by a sticker stating ""Includes Chapters 5 - 8 | Limited Edition Exclusive Card From The Avatar Trading Card Game Inside!""",,,,,,,,,,,,,,
XPS001,PS2 - Legend of Aang,https://github.com/zolodio/Avatar-TCG-Database/raw/main/XPS001.jpg,sealed,other,AME,https://github.com/zolodio/Avatar-TCG-Database/raw/main/XPS001b.jpg,,,,,,,,,,"Released as a limited run in 2006, only the first issued release of Avatar - The Legend of Aang on PS2 in the UK (maybe Austrailia) included one of two known promo cards from 2006 available exclusively as a promotional item from THQ. The first issued release of the PS2 Legend of Aang (PAL) can be distinguished from other versions by a reddish orange circle printed in the lower right of the front cover (not a sticker) stating ""FREE! Exclusive Avatar Trading Card Inside!"" As of now, it was only known to include ""Open-Hand Form"" and ""Bitter Batter"".",,,,,,,,,,,,,,
XXB001,Avatar Band-Aids,https://github.com/zolodio/Avatar-TCG-Database/raw/main/XXB001.jpg,sealed,other,AME,https://github.com/zolodio/Avatar-TCG-Database/raw/main/XXB001b.jpg,,,,,,,,,,"Released as a limited run in 2006, Avatar - The Last Airbender Band-Aids included one ""Aang, the last airbender"" Ally card (AME119) available as a promotional item from Johnson & Johnson. This was not an exclusive promo, as the ""Aang, the last airbender"" Ally card was available elsewhere. The  Avatar - The Last Airbender Band-Aids can be distinguished from other versions by a blue and yellow box with Avatar graphics featuring Aang, Sokka, and Katara. As of now, it was only known to include ""Aang, the last airbender"" ally card.",,,,,,,,,,,,,,
K3474,Ice Attack Aang,https://github.com/zolodio/Avatar-TCG-Database/raw/main/K3474.jpg,sealed,other,FPR,https://github.com/zolodio/Avatar-TCG-Database/raw/main/K3474b.jpg,,,,,,,,,,"Ice Attack Aang is a toy released by Matel in 2006 in the Battle Benders action figure line containing a promo chamber card available exclusively in first edition Sealed verisons.  As very few of these were produced for such a limited time, Sealed battle bender toys with chamber cards hold one of the the highest value from collectors than those opened or any other item in the Avatar Quick Strike collection. First Edition versions differ from later editions with their rounded shape and prominant display of the exclusive chamber card contianed.",,,,,,,,,,,,,,
H9748,Air Cannon Aang,https://github.com/zolodio/Avatar-TCG-Database/raw/main/H9748.jpg,sealed,other,FPR,https://github.com/zolodio/Avatar-TCG-Database/raw/main/H9748b.jpg,,,,,,,,,,"Air Cannon Aang is a toy released by Matel in 2006 in the Battle Benders action figure line containing a promo chamber card available exclusively in first edition Sealed verisons.  As very few of these were produced for such a limited time, Sealed battle bender toys with chamber cards hold one of the the highest value from collectors than those opened or any other item in the Avatar Quick Strike collection. First Edition versions differ from later editions with their rounded shape and prominant display of the exclusive chamber card contianed.",,,,,,,,,,,,,,
H9749,Fire Blast Zuko,https://github.com/zolodio/Avatar-TCG-Database/raw/main/H9749.jpg,sealed,other,FPR,https://github.com/zolodio/Avatar-TCG-Database/raw/main/H9749b.jpg,,,,,,,,,,"Agruably the most exclusive and hard to obtain item of all, Fire Blast Zuko is a toy released by Matel in 2006 in the Battle Benders action figure line containing a promo chamber card available exclusively in first edition Sealed verisons.  As very few of these were produced for such a limited time, Sealed battle bender toys with chamber cards hold one of the the highest value from collectors than those opened or any other item in the Avatar Quick Strike collection. First Edition versions differ from later editions with their rounded shape and prominant display of the exclusive chamber card contianed.",,,,,,,,,,,,,,
STRT001,Sealed Starter Set,https://github.com/zolodio/Avatar-TCG-Database/raw/main/STRT001.jpg,sealed,other,AME,https://github.com/zolodio/Avatar-TCG-Database/raw/main/STRT001b.jpg,,,,,,,,,,"The Avatar Quick Strike two-player starter set contains two sealed 30-card starter decks each with a chamber card. It also contains a rule book, a pair of playmats, and was packaged in a plastic carrying case. The starter set was designed for two players to duel immediately using the contents of the box. Sealed, the starter set is highly collectable.",,,,,,,,,,,,,,
STRT002,Sealed Starter Deck in Acrylic - Aang,https://github.com/zolodio/Avatar-TCG-Database/raw/main/STRT002.jpg,sealed,other,AME,https://github.com/zolodio/Avatar-TCG-Database/raw/main/STRT00Xb.jpg,,,,,,,,,"STRT001, MTBX002",,,,,,,,,,,,,,,
STRT003,Sealed Starter Deck in Acrylic - Katara,https://github.com/zolodio/Avatar-TCG-Database/raw/main/STRT003.jpg,sealed,other,AME,https://github.com/zolodio/Avatar-TCG-Database/raw/main/STRT00Xb.jpg,,,,,,,,,"STRT001, MTBX002",,,,,,,,,,,,,,,
STRT004,Sealed Starter Deck in Acrylic - King Bumi,https://github.com/zolodio/Avatar-TCG-Database/raw/main/STRT004.jpg,sealed,other,AME,https://github.com/zolodio/Avatar-TCG-Database/raw/main/STRT00Xb.jpg,,,,,,,,,"STRT001, MTBX002",,,,,,,,,,,,,,,
STRT005,Sealed Starter Deck in Acrylic - Jojo,https://github.com/zolodio/Avatar-TCG-Database/raw/main/STRT005.jpg,sealed,other,AME,https://github.com/zolodio/Avatar-TCG-Database/raw/main/STRT00Xb.jpg,,,,,,,,,"STRT001, MTBX002",,,,,,,,,,,,,,,
STRT006,Sealed Starter Deck in Acrylic - Malu,https://github.com/zolodio/Avatar-TCG-Database/raw/main/STRT006.jpg,sealed,other,AME,https://github.com/zolodio/Avatar-TCG-Database/raw/main/STRT00Xb.jpg,,,,,,,,,"STRT001, MTBX002",,,,,,,,,,,,,,,
STRT007,Sealed Starter Deck in Acrylic - Prince Zuko,https://github.com/zolodio/Avatar-TCG-Database/raw/main/STRT007.jpg,sealed,other,AME,https://github.com/zolodio/Avatar-TCG-Database/raw/main/STRT00Xb.jpg,,,,,,,,,"STRT001, MTBX002",,,,,,,,,,,,,,,
STRT008,Sealed Starter Deck in Acrylic - Uncle Iroh,https://github.com/zolodio/Avatar-TCG-Database/raw/main/STRT008.jpg,sealed,other,AME,https://github.com/zolodio/Avatar-TCG-Database/raw/main/STRT00Xb.jpg,,,,,,,,,"STRT001, MTBX002",,,,,,,,,,,,,,,
STRT009,Sealed Starter Deck in Acrylic - Afiko,https://github.com/zolodio/Avatar-TCG-Database/raw/main/STRT009.jpg,sealed,other,AME,https://github.com/zolodio/Avatar-TCG-Database/raw/main/STRT00Xb.jpg,,,,,,,,,"STRT001, MTBX002",,,,,,,,,,,,,,,
STRT010,Sealed Starter Deck in Acrylic - Commander Zhao,https://github.com/zolodio/Avatar-TCG-Database/raw/main/STRT010.jpg,sealed,other,AME,https://github.com/zolodio/Avatar-TCG-Database/raw/main/STRT00Xb.jpg,,,,,,,,,"STRT001, MTBX002",,,,,,,,,,,,,,,
STRT011,Sealed Starter Deck in Acrylic - Kinto,https://github.com/zolodio/Avatar-TCG-Database/raw/main/STRT011.jpg,sealed,other,AME,https://github.com/zolodio/Avatar-TCG-Database/raw/main/STRT00Xb.jpg,,,,,,,,,"STRT001, MTBX002",,,,,,,,,,,,,,,
BSTR001,Foil Booster Pack,https://github.com/zolodio/Avatar-TCG-Database/raw/main/BSTR001.jpg,sealed,other,AME,https://github.com/zolodio/Avatar-TCG-Database/raw/main/BSTR001b.jpg,,,,,,,,,"BSTR002, BSTR003, BSTR004",,,,,,,,,,,,,,,
BSTR002,Blister Pack,https://github.com/zolodio/Avatar-TCG-Database/raw/main/BSTR002.jpg,sealed,other,AME,https://github.com/zolodio/Avatar-TCG-Database/raw/main/BSTR002b.jpg,,,,,,,,,UK Stores,,,,,,,,,,,,,,,
BSTR003,Double Blister Pack,https://github.com/zolodio/Avatar-TCG-Database/raw/main/BSTR003.jpg,sealed,other,AME,https://github.com/zolodio/Avatar-TCG-Database/raw/main/BSTR003b.jpg,,,,,,,,,US/UK Stores,,,,,,,,,,,,,,,
BSTR004,Booster Box,https://github.com/zolodio/Avatar-TCG-Database/raw/main/BSTR004.jpg,sealed,other,AME,https://github.com/zolodio/Avatar-TCG-Database/raw/main/BSTR004b.jpg,,,,,,,,,US/UK Stores,,,,,,,,,,,,,,,
RLBK001,Official Rulebook,https://github.com/zolodio/Avatar-TCG-Database/raw/main/RLBK001.jpg,other,other,AME,https://github.com/zolodio/Avatar-TCG-Database/raw/main/RLBK001b.jpg,,,,,,,,,STRT001,"The Avatar: The Last Airbender Master of Elements Official Rulebook is the compilation of all the TCG's guidelines and regulations. The rulebook includes directions for how to play the game, limitations for formal play, detailed descriptions of card types, and many other gameplay necessities. Named for the initial TCG starter pack release, this rulebook was included in every Master of Elements Starter Pack as the definitive set of Avatar TCG rules and principles for all modes of play.",,,,,,,,,,,,,,
PLMT001,Paper PlayMat,https://github.com/zolodio/Avatar-TCG-Database/raw/main/PLMT001.jpg,other,other,AME,https://github.com/zolodio/Avatar-TCG-Database/raw/main/PLMT001b.jpg,,,,,,,,,STRT001,"Two were included in every Master of Elements Starter Pack as the play surface of the game. The paper playmat has all of the indications for play including three zones, deck locations, ally and advantage spaces, discard pile, etc. The back of the paper playmat includes an example game for reference.",,,,,,,,,,,,,,
PLMT002,Fabric PlayMat,https://github.com/zolodio/Avatar-TCG-Database/raw/main/PLMT002.jpg,other,other,AME,https://github.com/zolodio/Avatar-TCG-Database/raw/main/PLMT002b.jpg,,,,,,,,,Tournament Exclusive,"The Fabric Playmats were exclusive prizes for winners of officially organized Upper Deck tournaments in 2006. The Fabric Playmat has all of the indications for play including three zones, deck locations, ally and advantage spaces, discard pile, etc. and is the same on the front as a paper playmat in every way except for an improved fabric surface finish with high quality prints. The back of the fabric playmat includes textured rubberized surface for optimal grip.",,,,,,,,,,,,,,
MTBX001,Empty Starter Box,https://github.com/zolodio/Avatar-TCG-Database/raw/main/MTBX001.jpg,other,other,AME,https://github.com/zolodio/Avatar-TCG-Database/raw/main/MTBX001b.jpg,,,,,,,,,STRT001,"This is the empty shell box that containted two starter decks, 2 paper playmats, and 1 rulebook.",,,,,,,,,,,,,,
MTBX002,Empty Acrylic Starter Deck Box,https://github.com/zolodio/Avatar-TCG-Database/raw/main/MTBX002.jpg,other,other,AME,https://github.com/zolodio/Avatar-TCG-Database/raw/main/MTBX002b.jpg,,,,,,,,,eBay,"This 3rd party after market acrylic box was originally intended to fit the MTG decks, but was discovered by super collector Michael S as a solution for protecting sealed starter decks. Currently available via ebay in bulk.",,,,,,,,,,,,,,
PRNT001,Be The Avatar Print,https://github.com/zolodio/Avatar-TCG-Database/raw/main/PRNT001.jpg,print,other,AME,https://github.com/zolodio/Avatar-TCG-Database/raw/main/PRNT001b.jpg,,,,,,,,,PRNT002,"The Be The Avatar Print was featured as the back cover of the April 2006 issue of Nickelodeon Magazine. This issue can be distinguished from the others by its prominent text """"Kids' Choice Awards 06"" featuring images of Jack Black, The Fairly Odd Parents, Will Smith, Johnny Depp, Kelly Clarkson, Jamie Lynn Spears, and Madagascar Penguins.",,,,,,,,,,,,,,
PRNT002,Nickelodeon Magazine - Apr. '06,https://github.com/zolodio/Avatar-TCG-Database/raw/main/PRNT002.jpg,print,other,AME,https://github.com/zolodio/Avatar-TCG-Database/raw/main/PRNT002b.jpg,,,,,,,,,Nickelodeon,"The April 2006 issue of Nickelodeon Magazine featured The Be The Avatar Print  as the back cover. This issue can be distinguished from the others by its prominent text ""Kids' Choice Awards 06"" featuring images of Jack Black, The Fairly Odd Parents, Will Smith, Johnny Depp, Kelly Clarkson, Jamie Lynn Spears, and Madagascar Penguins.",,,,,,,,,,,,,,
PRNT003,Experience The Legend Poster,https://github.com/zolodio/Avatar-TCG-Database/raw/main/PRNT003.jpg,print,other,AME,https://github.com/zolodio/Avatar-TCG-Database/raw/main/PSTR00Xb.jpg,,,,,,,,,,,,,,,,,,,,,,,,
PRNT004,Master The Elements Poster,https://github.com/zolodio/Avatar-TCG-Database/raw/main/PRNT004.jpg,print,other,AME,https://github.com/zolodio/Avatar-TCG-Database/raw/main/PRNT004b.jpg,,,,,,,,,,,,,,,,,,,,,,,,
PRNT005,Achieve Enlightenment Poster,https://github.com/zolodio/Avatar-TCG-Database/raw/main/PRNT005.jpg,print,other,APE,https://github.com/zolodio/Avatar-TCG-Database/raw/main/PSTR00Xb.jpg,,,,,,,,,,,,,,,,,,,,,,,,
APE123,Aang,https://github.com/zolodio/Avatar-TCG-Database/raw/main/APE123.jpg,unreleased,other,APE,https://github.com/zolodio/Avatar-TCG-Database/raw/main/APE123b.jpg,,,,,,,,,Unreleased,"The Aang Chamber card was never released as a part of the mythical Path of Enlightenment expansion set to release 2007 but never made it to production. There are theorized to be prototype or possibly preview versions made for display and marketing purposes only, specifically to make PSTR001. If found this would be the Atlantis of the Avatar Quick Strike TCG Collection.",,,,,,,,,,,,,,
APE126,Appa and Aang,https://github.com/zolodio/Avatar-TCG-Database/raw/main/APE126.jpg,unreleased,other,APE,https://github.com/zolodio/Avatar-TCG-Database/raw/main/APE126b.jpg,,,,,,,,,Unreleased,"The Appa and Aang Chamber card was never released as a part of the mythical Path of Enlightenment expansion set to release 2007 but never made it to production. There are theorized to be prototype or possibly preview versions made for display and marketing purposes only, specifically to make PSTR001. If found this would be the Holy Grail of the Avatar Quick Strike TCG Collection.",,,,,,,,,,,,,,
BSTR005,Path of Enlightenment - Foil Booster Pack,https://github.com/zolodio/Avatar-TCG-Database/raw/main/BSTR005.jpg,unreleased,other,APE,https://github.com/zolodio/Avatar-TCG-Database/raw/main/BSTR005b.jpg,,,,,,,,,Unreleased,"The Path of Enlightenment Foil Booster Pack was never released as a part of the unreleased expansion to Avatar Master of Elements set to release 2007 but never made it to production. There are theorized to be prototype or possibly preview versions made for display and marketing purposes only, specifically to make PSTR001. If found this would be the Ark of the Covenant of the Avatar Quick Strike TCG Collection.",,,,,,,,,,,,,,
BSTR006,Path of Enlightenment - Booster Box,https://github.com/zolodio/Avatar-TCG-Database/raw/main/BSTR006.jpg,unreleased,other,APE,https://github.com/zolodio/Avatar-TCG-Database/raw/main/BSTR006b.jpg,,,,,,,,,Unreleased,"The Path of Enlightenment Booster Box was never released as a part of the unreleased expansion to Avatar Master of Elements set to release 2007 but never made it to production. There are theorized to be prototype or possibly preview versions made for display and marketing purposes only, specifically to make PSTR001. If found this would be the El Derado of the Avatar Quick Strike TCG Collection.",,,,,,,,,,,,,,
SHDW074,Shadow Box - Kyoshi Pride,https://github.com/zolodio/Avatar-TCG-Database/raw/main/SHDW074.GIF,other,other,AME,https://github.com/zolodio/Avatar-TCG-Database/raw/main/SHDW074b.GIF,,5,5,,2,,Reflip: Green (You may pay a green energy to discard this card and flip a new one in this zone.),"The warriors of Kyoshi follow tradition, wearing ornate armor and face paint.",Fan-Made,"The Kyoshi Pride Shadow Box is a uniqe art piece made by an unnamed fan from layers of Kyoshi Pride cards cut and adhered to add depth. It is encapsulated in a custom slab. The only known original is owned by legendary collector, Michael S. ",,,,,,,,,,,,,,